pagec,content_type,type,agency,dest,byte_len,is_avail,fn,type_text
3,docx,0,Career Executive Service Board,Career Executive Service Board/summary.txt,9764,True,03-CESB2020_Executive_Summary.docx,Executive Summary
5,docx,0,Civil Service Commission,Civil Service Commission/summary.txt,12487,True,03-CSC2020_Executive_Summary.docx,Executive Summary
5,docx,0,Commission on Human Rights,Commission on Human Rights/summary.txt,10591,True,03-CHR2020_Executive_Summary.docx,Executive Summary
5,docx,0,Human Rights Violations Victims’ Memorial Commission,Human Rights Violations Victims’ Memorial Commission/summary.txt,10963,True,03-HRVVMC2020_Executive_Summary.docx,Executive Summary
1,docx,3,Office of the Ombudsman - Management Letter,Office of the Ombudsman - Management Letter/summary.txt,124008,True,02-OMB2020_Management_Letter.docx,Management Letter
60,docx,3,Department of Agrarian Reform - Management Letter,Department of Agrarian Reform - Management Letter/summary.txt,139344,True,02-DAR2020_Management_Letter.docx,Management Letter
9,docx,0,Department of Agriculture,Department of Agriculture/summary.txt,20469,True,03-DA2020_Executive_Summary.docx,Executive Summary
4,docx,0,Agricultural Credit Policy Council,Agricultural Credit Policy Council/summary.txt,8073,True,03-ACPC2020_Executive_Summary.docx,Executive Summary
57,docx,3,Bureau of Fisheries and Aquatic Resources - Management Letter,Bureau of Fisheries and Aquatic Resources - Management Letter/summary.txt,129816,True,02-BFAR2020_Consolidated_Management_Letter.docx,Management Letter
5,docx,0,Fertilizer and Pesticide Authority,Fertilizer and Pesticide Authority/summary.txt,10502,True,03-FPA2020_Executive_Summary.docx,Executive Summary
4,docx,0,National Fisheries Research and Development Institute,National Fisheries Research and Development Institute/summary.txt,9610,True,03-NFRDI2020_Executive_Summary.docx,Executive Summary
5,docx,0,Philippine Council for Agriculture and Fisheries,Philippine Council for Agriculture and Fisheries/summary.txt,10237,True,03-PCAF2020_Executive_Summary.docx,Executive Summary
6,docx,0,National Meat Inspection Service,National Meat Inspection Service/summary.txt,13286,True,03-NMIS2020_Executive_Summary.docx,Executive Summary
27,docx,3,Philippine Fiber Industry Development Authority - Management Letter,Philippine Fiber Industry Development Authority - Management Letter/summary.txt,56381,True,02-PHILFIDA2020_Management_Letter.docx,Management Letter
9,docx,0,Department of Environment and Natural Resources,Department of Environment and Natural Resources/summary.txt,20937,True,03-DENR2020_Executive_Summary.docx,Executive Summary
5,docx,0,Mines and Geosciences Bureau,Mines and Geosciences Bureau/summary.txt,10717,True,03-MGB2020_Executive_Summary.docx,Executive Summary
3,docx,0,National Mapping and Resource Information Authority,National Mapping and Resource Information Authority/summary.txt,12082,True,03-NAMRIA2020_Executive_Summary.docx,Executive Summary
4,docx,0,National Water Resources Board,National Water Resources Board/summary.txt,7268,True,03-NWRB2020_Executive_Summary.docx,Executive Summary
3,docx,0,Department of Human Settlements and Urban Development,Department of Human Settlements and Urban Development/summary.txt,14806,True,03-DHSUD2020_Executive_Summary.docx,Executive Summary
7,docx,0,Department of Justice,Department of Justice/summary.txt,15555,True,03-DOJ2020_Executive_Summary.docx,Executive Summary
6,docx,0,Bureau of Corrections,Bureau of Corrections/summary.txt,16346,True,03-BUCOR2020_Executive_Summary.docx,Executive Summary
7,docx,0,Bureau of Immigration,Bureau of Immigration/summary.txt,17948,True,03-BI2020_Executive_Summary.docx,Executive Summary
10,docx,0,Land Registration Authority,Land Registration Authority/summary.txt,26530,True,03-LRA2020_Executive_Summary.docx,Executive Summary
7,docx,0,National Bureau of Investigation,National Bureau of Investigation/summary.txt,15420,True,03-NBI2020_Executive_Summary.docx,Executive Summary
4,docx,0,Office of the Government Corporate Counsel,Office of the Government Corporate Counsel/summary.txt,6985,True,03-OGCC2020_Executive_Summary.docx,Executive Summary
3,docx,0,Office of the Solicitor General,Office of the Solicitor General/summary.txt,11301,True,03-OSG2020_Executive_Summary.docx,Executive Summary
5,docx,0,Parole and Probation Administration,Parole and Probation Administration/summary.txt,10838,True,03-PPA2020_Executive_Summary.docx,Executive Summary
3,docx,0,Presidential Commission on Good Government,Presidential Commission on Good Government/summary.txt,16005,True,03-PCGG2020_Executive_Summary.docx,Executive Summary
5,docx,0,Public Attorney's Office,Public Attorney's Office/summary.txt,12077,True,03-PAO2020_Executive_Summary.docx,Executive Summary
4,docx,0,Department of National Defense,Department of National Defense/summary.txt,9144,True,03-DND2020_Executive_Summary.docx,Executive Summary
5,docx,0,Armed Forces of the Philippines Commissary and Exchange Service,Armed Forces of the Philippines Commissary and Exchange Service/summary.txt,9666,True,03-AFPCES2020_Executive_Summary.docx,Executive Summary
9,docx,0,"General Headquarters, Armed Forces of the Philippines","General Headquarters, Armed Forces of the Philippines/summary.txt",24323,True,03-GHQ-AFP2020_Executive_Summary.docx,Executive Summary
3,docx,0,National Defense College of the Philippines,National Defense College of the Philippines/summary.txt,6183,True,03-NDCP2020_Executive_Summary.docx,Executive Summary
5,docx,0,Office of Civil Defense,Office of Civil Defense/summary.txt,14334,True,03-OCD2020_Executive_Summary.docx,Executive Summary
3,docx,0,Philippine Air Force,Philippine Air Force/summary.txt,22080,True,03-PAF2020_Executive_Summary.docx,Executive Summary
3,docx,0,Philippine Army,Philippine Army/summary.txt,15805,True,03-PA2020_Executive_Summary.docx,Executive Summary
3,docx,0,Philippine Navy,Philippine Navy/summary.txt,17054,True,03-PN2020_Executive Summary.docx,Executive Summary
3,docx,0,Philippine Veterans Affairs Office,Philippine Veterans Affairs Office/summary.txt,17113,True,03-PVAO2020_Executive_Summary.docx,Executive Summary
5,docx,0,Veterans Memorial Medical Center,Veterans Memorial Medical Center/summary.txt,10973,True,03-VMMC2020_Executive_Summary.docx,Executive Summary
3,docx,0,Department of the Interior and Local Government,Department of the Interior and Local Government/summary.txt,25971,True,03-DILG2020_Executive_Summary.docx,Executive Summary
10,docx,0,Bureau of Fire Protection,Bureau of Fire Protection/summary.txt,25871,True,03-BFP2020_Executive_Summary.docx,Executive Summary
6,docx,0,Bureau of Jail Management and Penology,Bureau of Jail Management and Penology/summary.txt,15822,True,03-BJMP2020_Executive_Summary.docx,Executive Summary
3,docx,0,Local Government Academy,Local Government Academy/summary.txt,7754,True,03-LGA2020_Executive_Summary.docx,Executive Summary
3,docx,0,National Police Commission,National Police Commission/summary.txt,15040,True,03-NAPOLCOM2020_Executive_Summary.docx,Executive Summary
11,docx,0,Philippine National Police,Philippine National Police/summary.txt,28435,True,03-PNP2020_Executive_Summary.docx,Executive Summary
3,docx,0,Philippine Public Safety College,Philippine Public Safety College/summary.txt,9791,True,03-PPSC2020_Executive_Summary.docx,Executive Summary
4,docx,0,Board of Investments,Board of Investments/summary.txt,7200,True,03-BOI2020_Executive_Summary.docx,Executive Summary
4,docx,0,Intellectual Property Office of the Philippines,Intellectual Property Office of the Philippines/summary.txt,9054,True,03-IPOPHL2020_Executive_Summary.docx,Executive Summary
3,docx,0,Design Center of the Philippines,Design Center of the Philippines/summary.txt,6995,True,03-DCP2020_Executive_Summary.docx,Executive Summary
3,docx,0,Philippine Trade Training Center,Philippine Trade Training Center/summary.txt,7112,True,03-PTTC2020_Executive_Summary.docx,Executive Summary
6,docx,0,House of Representatives,House of Representatives/summary.txt,11513,True,03-HOR2020_Executive_Summary.docx,Executive Summary
5,docx,0,Commission on Appointments,Commission on Appointments/summary.txt,11190,True,03-CA2020_Executive_Summary.docx,Executive Summary
5,docx,0,House of Representatives Electoral Tribunal,House of Representatives Electoral Tribunal/summary.txt,9454,True,03-HRET2020_Executive_Summary.docx,Executive Summary
5,docx,0,Senate Electoral Tribunal,Senate Electoral Tribunal/summary.txt,9838,True,03-SET2020_Executive_Summary.docx,Executive Summary
3,docx,0,Senate of the Philippines,Senate of the Philippines/summary.txt,11738,True,03-SENATE2020_Executive_Summary.docx,Executive Summary
23,docx,0,National Commission on Indigenous Peoples,National Commission on Indigenous Peoples/summary.txt,47520,True,03-NCIP2020_Executive_Summary.docx,Executive Summary
5,docx,0,Office of the Presidential Adviser on the Peace Process,Office of the Presidential Adviser on the Peace Process/summary.txt,10053,True,03-OPAPP2020_Executive_Summary.docx,Executive Summary
6,docx,0,Abra State Institute of Sciences and Technology,Abra State Institute of Sciences and Technology/summary.txt,13880,True,04-ASIST2020_Executive_Summary.docx,Executive Summary
4,docx,0,Apayao State College,Apayao State College/summary.txt,9305,True,04-ASC2020_Executive_Summary.docx,Executive Summary
3,docx,0,Benguet State University,Benguet State University/summary.txt,9820,True,03-BSU2020_Executive_Summary.docx,Executive Summary
5,docx,0,Ifugao State University,Ifugao State University/summary.txt,11081,True,04-IFSU2020_Executive_Summary.docx,Executive Summary
4,docx,0,Kalinga State University,Kalinga State University/summary.txt,8255,True,03-KSU2020_Executive_Summary.docx,Executive Summary
3,docx,0,Mountain Province State Polytechnic College,Mountain Province State Polytechnic College/summary.txt,7724,True,04-MPSPC2020_Executive_Summary.docx,Executive Summary
1,docx,1,Don Mariano Marcos Memorial State University,Don Mariano Marcos Memorial State University/summary.txt,193173,True,01-DMMMSU2020_Audit_Report.docx,Audit Report
93,docx,1,Mariano Marcos State University,Mariano Marcos State University/summary.txt,151364,True,01-MMSU2020_Audit_Report.docx,Audit Report
5,docx,0,Pangasinan State University,Pangasinan State University/summary.txt,9942,True,04-PSU2020_Executive_Summary.docx,Executive Summary
5,docx,0,Batanes State College,Batanes State College/summary.txt,11038,True,03-BSC2020_Executive_Summary.docx,Executive Summary
4,docx,0,Cagayan State University,Cagayan State University/summary.txt,8949,True,03-CSU2020_Executive_Summary.docx,Executive Summary
5,docx,0,Isabela State University,Isabela State University/summary.txt,11322,True,03-ISU2020_Executive_Summary.docx,Executive Summary
5,docx,0,Nueva Vizcaya State University,Nueva Vizcaya State University/summary.txt,10121,True,03_NVSU2020_Executive_Summary.docx,Executive Summary
7,docx,0,Quirino State University,Quirino State University/summary.txt,13798,True,03_QSU2020_Executive_Summary.docx,Executive Summary
6,docx,0,Aurora State College of Technology,Aurora State College of Technology/summary.txt,13801,True,03-ASCOT2020_Executive_Summary.docx,Executive Summary
7,docx,0,Bataan Peninsula State University,Bataan Peninsula State University/summary.txt,16630,True,03-BPSU2020_Executive_Summary.docx,Executive Summary
7,docx,0,Bulacan Agricultural State College,Bulacan Agricultural State College/summary.txt,15995,True,03-BASC2020_Executive_Summary.docx,Executive Summary
6,docx,0,Bulacan State University,Bulacan State University/summary.txt,14789,True,04-BulSU2020_Executive_Summary.docx,Executive Summary
5,docx,0,Don Honorio Ventura State University,Don Honorio Ventura State University/summary.txt,12716,True,03-DHVSU2020_Executive_Summary.docx,Executive Summary
6,docx,0,Central Luzon State University,Central Luzon State University/summary.txt,15677,True,03-CLSU2020_Executive_Summary.docx,Executive Summary
6,docx,0,Nueva Ecija University of Science and Technology,Nueva Ecija University of Science and Technology/summary.txt,15394,True,03-NEUST2020_Executive_Summary.docx,Executive Summary
8,docx,0,Pampanga State Agricultural University,Pampanga State Agricultural University/summary.txt,17472,True,03-PSAU2020_Executive_Summary.docx,Executive Summary
6,docx,0,Philippine Merchant Marine Academy,Philippine Merchant Marine Academy/summary.txt,15547,True,03-PMMA2020_Executive_Summary.docx,Executive Summary
6,docx,0,President Ramon Magsaysay State University,President Ramon Magsaysay State University/summary.txt,16672,True,03-PRMSU2020_Executive_Summary.docx,Executive Summary
5,docx,0,Tarlac Agricultural University,Tarlac Agricultural University/summary.txt,10476,True,03-TAU2020_Executive_Summary.docx,Executive Summary
5,docx,0,Tarlac State University,Tarlac State University/summary.txt,13283,True,03-TSU2020_Executive_Summary.docx,Executive Summary
3,docx,0,Marinduque State College,Marinduque State College/summary.txt,14985,True,04-MSC2020_Executive_Summary.docx,Executive Summary
9,docx,0,Mindoro State College of Agriculture and Technology,Mindoro State College of Agriculture and Technology/summary.txt,22564,True,04-MinSCAT2020_Executive_Summary.docx,Executive Summary
6,docx,0,Occidental Mindoro State College,Occidental Mindoro State College/summary.txt,13583,True,02-OMSC2020_Executive_Summary.docx,Executive Summary
3,docx,0,Palawan State University,Palawan State University/summary.txt,21004,True,05-PSU2020_Executive_Summary.docx,Executive Summary
5,docx,0,Western Philippines University,Western Philippines University/summary.txt,12338,True,05-WPU2020_ Executive_Summary.docx,Executive Summary
3,docx,0,Bicol State College of Applied Sciences and Technology,Bicol State College of Applied Sciences and Technology/summary.txt,17621,True,03-BISCAST2020_Executive_Summary.docx,Executive Summary
3,docx,0,Bicol University,Bicol University/summary.txt,28860,True,03-BicolUniversity2020_Executive_Summary.docx,Executive Summary
9,docx,0,Camarines Norte State College,Camarines Norte State College/summary.txt,18819,True,03-CNSC2020_Executive_Summary.docx,Executive Summary
3,docx,0,Camarines Sur Polytechnic Colleges,Camarines Sur Polytechnic Colleges/summary.txt,16713,True,03-CSPC2020_Executive_Summary.docx,Executive Summary
14,docx,0,Central Bicol State University of Agriculture,Central Bicol State University of Agriculture/summary.txt,30512,True,03-CBSUA2020_Executive_Summary.docx,Executive Summary
3,docx,0,Partido State University,Partido State University/summary.txt,13572,True,03-PSU2020_Executive_Summary.docx,Executive Summary
8,docx,0,Sorsogon State College,Sorsogon State College/summary.txt,17238,True,03-SSC2020_Executive_Summary.docx,Executive Summary
5,docx,0,Aklan State University,Aklan State University/summary.txt,12434,True,03-ASU2020_Executive_Summary.docx,Executive Summary
6,docx,0,Capiz State University,Capiz State University/summary.txt,15417,True,03-CAPSU2020_Executive_Summary.docx,Executive Summary
5,docx,0,Guimaras State College,Guimaras State College/summary.txt,12089,True,03-GSC2020_Executive_Summary.docx,Executive Summary
5,docx,0,Iloilo Science and Technology University,Iloilo Science and Technology University/summary.txt,11936,True,03-ISATU2020_Executive_Summary.docx,Executive Summary
3,docx,0,Iloilo State College of Fisheries,Iloilo State College of Fisheries/summary.txt,11332,True,04-ISCOF2020_Executive_Summary.docx,Executive Summary
3,docx,0,Northern Iloilo Polytechnic State College,Northern Iloilo Polytechnic State College/summary.txt,12020,True,03-NIPSC2020_Executive_Summary.docx,Executive Summary
5,docx,0,West Visayas State University,West Visayas State University/summary.txt,14083,True,04-WVSU2020_Executive_Summary.docx,Executive Summary
5,docx,0,University of Antique,University of Antique/summary.txt,10779,True,04-UA2020_Executive_Summary.docx,Executive Summary
5,docx,0,Bohol Island State University,Bohol Island State University/summary.txt,9714,True,03-BISU2020_Executive _Summary.docx,Executive Summary
5,docx,0,Cebu Normal University,Cebu Normal University/summary.txt,9390,True,03-CNU2020_Executive_Summary.docx,Executive Summary
5,docx,0,Cebu Technological University,Cebu Technological University/summary.txt,9660,True,03-CTU2020_Executive _Summary.docx,Executive Summary
6,docx,0,Eastern Visayas State University,Eastern Visayas State University/summary.txt,13342,True,03-EVSU2020_Executive_Summary.docx,Executive Summary
99,docx,1,Palompon Institute of Technology,Palompon Institute of Technology/summary.txt,131463,True,PIT2020_Audit_Report.docx,Audit Report
4,docx,0,Samar State University,Samar State University/summary.txt,7636,True,04-SSU2020_Executive_Summary.docx,Executive Summary
8,docx,0,Southern Leyte State University,Southern Leyte State University/summary.txt,17551,True,03_SLSU2020_Executive_Summary.docx,Executive Summary
7,docx,0,University of Eastern Philippines,University of Eastern Philippines/summary.txt,14273,True,03_UEP2020_ Executive_Summary.docx,Executive Summary
8,docx,0,Visayas State University,Visayas State University/summary.txt,16193,True,03_VSU2020_Executive_Summary.docx,Executive Summary
3,docx,0,Jose Rizal Memorial State University,Jose Rizal Memorial State University/summary.txt,14676,True,04-JRMSU2020_Executive_Summary.docx,Executive Summary
3,docx,0,Western Mindanao State University,Western Mindanao State University/summary.txt,8183,True,05-WMSU2020_Executive_Summary.docx,Executive Summary
4,docx,0,Zamboanga State College of Marine Sciences and Technology,Zamboanga State College of Marine Sciences and Technology/summary.txt,10919,True,04-ZSCMST2020_Executive_Summary.docx,Executive Summary
127,docx,1,Bukidnon State University,Bukidnon State University/summary.txt,264659,True,BSU2020_Audit_Report.docx,Audit Report
77,docx,1,Camiguin Polytechnic State College,Camiguin Polytechnic State College/summary.txt,103301,True,CPSC2020_Audit_Report.docx,Audit Report
174,docx,1,Central Mindanao University,Central Mindanao University/summary.txt,355217,True,CMU2020_Audit_Report.docx,Audit Report
169,docx,1,Mindanao State University - Iligan Institute of Technology,Mindanao State University - Iligan Institute of Technology/summary.txt,320929,True,MSU-IIT2020_Audit_Report.docx,Audit Report
188,docx,1,Mindanao State University - Naawan,Mindanao State University - Naawan/summary.txt,329013,True,MSU-Naawan2020_Audit_Report.docx,Audit Report
127,docx,1,Northwestern Mindanao State College of Science and Technology,Northwestern Mindanao State College of Science and Technology/summary.txt,247347,True,NMSCST2020_Audit_Report.docx,Audit Report
109,docx,1,University of Science and Technology of Southern Philippines - Claveria Campus,University of Science and Technology of Southern Philippines - Claveria Campus/summary.txt,115247,True,USTsPClaveria2020_Audit_Report.docx,Audit Report
116,docx,1,University of Science and Technology of Southern Philippines - Main Campus,University of Science and Technology of Southern Philippines - Main Campus/summary.txt,169735,True,USTsPCagayandeOro2020_Audit_Report.docx,Audit Report
5,docx,0,Davao Oriental State College of Science and Technology,Davao Oriental State College of Science and Technology/summary.txt,12416,True,03-DOSCST2020_Executive_Summary.docx,Executive Summary
5,docx,0,University of Southeastern Philippines,University of Southeastern Philippines/summary.txt,10200,True,03-USEP2020_Executive_Summary.docx,Executive Summary
9,docx,0,Surigao del Sur State University,Surigao del Sur State University/summary.txt,20201,True,04-SDSSU2020_Executive_Summary.docx,Executive Summary
7,docx,0,Carlos Hilado Memorial State College,Carlos Hilado Memorial State College/summary.txt,11970,True,05-CHMSC2020_Executive_Summary.docx,Executive Summary
6,docx,0,Central Philippines State University,Central Philippines State University/summary.txt,11388,True,06-CPSU2020_Executive_Summary.docx,Executive Summary
7,docx,0,Negros Oriental State University,Negros Oriental State University/summary.txt,13311,True,04-NORSU2020_Executive_Summary.docx,Executive Summary
7,docx,0,Northern Negros State College of Science and Technology,Northern Negros State College of Science and Technology/summary.txt,11496,True,06-NONESCOST2020_Executive_Summary.docx,Executive Summary
5,docx,0,Siquijor State College,Siquijor State College/summary.txt,10420,True,04-SSC2020_Executive_Summary.docx,Executive Summary
5,docx,0,Court of Appeals,Court of Appeals/summary.txt,11190,True,03-CA2020_Executive_Summary.docx,Executive Summary
4,docx,0,Court of Tax Appeals,Court of Tax Appeals/summary.txt,6676,True,03-CTA2020_Executive_Summary.docx,Executive Summary
4,docx,0,Presidential Electoral Tribunal,Presidential Electoral Tribunal/summary.txt,7545,True,03-PET2020_Executive_Summary.docx,Executive Summary
5,docx,0,Sandiganbayan,Sandiganbayan/summary.txt,10530,True,03-SB2020_Executive_Summary.docx,Executive Summary
6,docx,0,Government Arsenal,Government Arsenal/summary.txt,13264,True,03-GovernmentArsenal2020_Executive_Summary.docx,Executive Summary
6,docx,0,Philippine Center for Postharvest Development and Mechanization,Philippine Center for Postharvest Development and Mechanization/summary.txt,14825,True,03-PhilMech2020_Executive_Summary.docx,Executive Summary
4,docx,0,Palawan Council for Sustainable Development Staff,Palawan Council for Sustainable Development Staff/summary.txt,7484,True,2-PCSDS2020_Executive Summary.docx,Executive Summary
5,docx,0,Davao Integrated Development Program - Project Management Office,Davao Integrated Development Program - Project Management Office/summary.txt,11185,True,03-DIDPPMO2020_Executive_Summary.docx,Executive Summary
3,docx,0,Mindanao Development Authority,Mindanao Development Authority/summary.txt,11197,True,03-MDA2020_Executive_Summary.docx,Executive Summary
22,pdf,0,Commission on Higher Education,Commission on Higher Education/summary.txt,50619,True,03-CHED2020_Executive_Summary.pdf,Executive Summary
166,pdf,3,Commission on Elections - Management Letter,Commission on Elections - Management Letter/summary.txt,336585,True,02-COMELEC2020_Management_Letter.pdf,Management Letter
7,pdf,0,Department of Budget and Management,Department of Budget and Management/summary.txt,15253,True,03-DBM2020_Executive_Summary.pdf,Executive Summary
4,pdf,0,Government Procurement Policy Board - Technical Support Office,Government Procurement Policy Board - Technical Support Office/summary.txt,7885,True,03_GPPB-TSO2020_Executive_Summary.pdf,Executive Summary
7,pdf,0,Procurement Service,Procurement Service/summary.txt,16965,True,03-PS2020_Executive_Summary.pdf,Executive Summary
57,pdf,0,Department of Education,Department of Education/summary.txt,132475,True,03-DEPED2020_Executive_Summary.pdf,Executive Summary
11,pdf,0,Early Childhood Care and Development Council,Early Childhood Care and Development Council/summary.txt,23739,True,03-ECCDC2020_Executive_Summary.pdf,Executive Summary
9,pdf,0,National Book Development Board,National Book Development Board/summary.txt,19476,True,03-NBDB2020_Executive_Summary.pdf,Executive Summary
9,pdf,0,National Council for Children's Television,National Council for Children's Television/summary.txt,19699,True,03-NCCT2020_Executive_Summary.pdf,Executive Summary
16,pdf,0,National Museum of the Philippines,National Museum of the Philippines/summary.txt,36403,True,03-NM2020_Executive_Summary.pdf,Executive Summary
12,pdf,0,Department of Energy,Department of Energy/summary.txt,32787,True,03-DOE2020_Executive_Summary.pdf,Executive Summary
27,pdf,3,Energy Regulatory Commission - Management Letter,Energy Regulatory Commission - Management Letter/summary.txt,69746,True,02-ERC2020_Management_Letter.pdf,Management Letter
65,pdf,3,Environmental Management Bureau - Management Letter,Environmental Management Bureau - Management Letter/summary.txt,158712,True,02-EMB2020_Management_Letter.pdf,Management Letter
6,pdf,0,Department of Finance,Department of Finance/summary.txt,13789,True,03-DOF2020_Executive_Summary.pdf,Executive Summary
1,pdf,2,Anti-Money Laundering Council,Anti-Money Laundering Council/summary.txt,298,False,01-AMLC2020_Cover.pdf,ML
7,pdf,0,Bureau of Customs,Bureau of Customs/summary.txt,18120,True,03-BOC2020_Executive_Summary.pdf,Executive Summary
6,pdf,0,Bureau of Internal Revenue,Bureau of Internal Revenue/summary.txt,13386,True,03-BIR2020_Executive_Summary.pdf,Executive Summary
5,pdf,0,Bureau of Local Government Finance,Bureau of Local Government Finance/summary.txt,11640,True,03-BLGF2020_Executive_Summary.pdf,Executive Summary
6,pdf,0,Bureau of the Treasury - National Government,Bureau of the Treasury - National Government/summary.txt,13525,True,03-BTR-NG2020_Executive_Summary.pdf,Executive Summary
5,pdf,0,Bureau of the Treasury-Proper,Bureau of the Treasury-Proper/summary.txt,10996,True,03-BTr-Proper2020_Executive_Summary.pdf,Executive Summary
3,pdf,0,Central Board of Assessment Appeals,Central Board of Assessment Appeals/summary.txt,6899,True,03-CBAA2020_Executive_Summary.pdf,Executive Summary
5,pdf,0,Insurance Commission,Insurance Commission/summary.txt,11322,True,03_IC2020_Executive_Summary.pdf,Executive Summary
4,pdf,0,Municipal Development Fund Office,Municipal Development Fund Office/summary.txt,8920,True,03_MDFO2020_Executive_Summary.pdf,Executive Summary
3,pdf,0,National Tax Research Center,National Tax Research Center/summary.txt,7141,True,03_NTRC2020_Executive_Summary.pdf,Executive Summary
6,pdf,0,Privatization and Management Office,Privatization and Management Office/summary.txt,13001,True,03-PMO2020_Executive_Summary.pdf,Executive Summary
6,pdf,0,Securities and Exchange Commission,Securities and Exchange Commission/summary.txt,12982,True,03-SEC2020_Executive_Summary.pdf,Executive Summary
12,pdf,0,Department of Foreign Affairs,Department of Foreign Affairs/summary.txt,24983,True,03-DFA2020_Executive_Summary.pdf,Executive Summary
5,pdf,0,Commission on Filipino Overseas,Commission on Filipino Overseas/summary.txt,11242,True,03-CFO2020_Executive_Summary.pdf,Executive Summary
4,pdf,0,Technical Cooperation Council of the Philippines,Technical Cooperation Council of the Philippines/summary.txt,7640,True,03-TCCP2020_Executive_Summary.pdf,Executive Summary
5,pdf,0,UNESCO National Commission of the Philippines,UNESCO National Commission of the Philippines/summary.txt,8610,True,03-UNACOM2020_Executive_Summary.pdf,Executive Summary
5,pdf,0,Foreign Service Institute,Foreign Service Institute/summary.txt,8436,True,03-FSI2020_Executive_Summary.pdf,Executive Summary
11,pdf,0,Department of Health,Department of Health/summary.txt,30712,True,03-DOH2020_Executive_Summary.pdf,Executive Summary
7,pdf,0,National Nutrition Council,National Nutrition Council/summary.txt,18133,True,03-NNC2020_Executive_Summary.pdf,Executive Summary
12,pdf,0,Human Settlement and Adjudication Commission,Human Settlement and Adjudication Commission/summary.txt,23554,True,03-HSAC2020_Executive Summary.pdf,Executive Summary
100,pdf,3,Department of Information and Communications Technology - Consolidated Management Letter,Department of Information and Communications Technology - Consolidated Management Letter/summary.txt,268696,True,03-DICT2020_Consolidated_Management_Letter.pdf,Management Letter
5,pdf,0,National Privacy Commission,National Privacy Commission/summary.txt,10919,True,03-NPC2020_Executive_Summary.pdf,Executive Summary
8,pdf,0,National Telecommunications Commission,National Telecommunications Commission/summary.txt,17340,True,03-NTC2020_Executive_Summary.pdf,Executive Summary
19,pdf,0,Department of Labor and Employment,Department of Labor and Employment/summary.txt,40758,True,03-DOLE2020_Executive_Summary.pdf,Executive Summary
11,pdf,0,Bureau of Workers with Special Concerns - Social Amelioration Program,Bureau of Workers with Special Concerns - Social Amelioration Program/summary.txt,23104,True,03-BWSC2020_Executive_Summary.pdf,Executive Summary
4,pdf,0,Institute for Labor Studies,Institute for Labor Studies/summary.txt,9458,True,03-ILS2020_Executive_Summary.pdf,Executive Summary
10,pdf,0,National Conciliation and Mediation Board,National Conciliation and Mediation Board/summary.txt,21453,True,03-NCMB2020_Executive_Summary.pdf,Executive Summary
13,pdf,0,National Labor Relations Commission,National Labor Relations Commission/summary.txt,32433,True,03-NLRC2020_Executive_Summary.pdf,Executive Summary
9,pdf,0,National Wages and Productivity Commission,National Wages and Productivity Commission/summary.txt,16485,True,03-NWPC2020_Executive_Summary.pdf,Executive Summary
12,pdf,0,Professional Regulation Commission,Professional Regulation Commission/summary.txt,21463,True,03-PRC2020_Executive_Summary.pdf,Executive Summary
10,pdf,0,Philippine Overseas Employment Administration,Philippine Overseas Employment Administration/summary.txt,23171,True,03-POEA2020_Executive_Summary.pdf,Executive Summary
12,pdf,0,Department of Public Works and Highways,Department of Public Works and Highways/summary.txt,28521,True,03-DPWH2020_Executive_Summary.pdf,Executive Summary
7,pdf,0,Department of Science and Technology,Department of Science and Technology/summary.txt,16167,True,03-DOST2020_Executive_Summary.pdf,Executive Summary
3,pdf,0,Advanced Science and Technology Institute,Advanced Science and Technology Institute/summary.txt,5967,True,03-ASTI2020_Executive_Summary.pdf,Executive Summary
6,pdf,0,Food and Nutrition Research Institute,Food and Nutrition Research Institute/summary.txt,11253,True,03-FNRI2020_Executive_Summary.pdf,Executive Summary
5,pdf,0,Metals Industry Research and Development Center,Metals Industry Research and Development Center/summary.txt,9628,True,03-MIRDC2020_Executive_Summary.pdf,Executive Summary
4,pdf,0,Industrial Technology Development Institute,Industrial Technology Development Institute/summary.txt,8731,True,03-ITDI2020_Executive_Summary.pdf,Executive Summary
6,pdf,0,National Academy of Science and Technology,National Academy of Science and Technology/summary.txt,12354,True,03-NAST2020_Executive_Summary.pdf,Executive Summary
6,pdf,0,National Research Council of the Philippines,National Research Council of the Philippines/summary.txt,12655,True,03-NRCP2020_Executive_Summary.pdf,Executive Summary
5,pdf,0,"Philippine Atmospheric, Geophysical, and Astronomical Services Administration","Philippine Atmospheric, Geophysical, and Astronomical Services Administration/summary.txt",12100,True,03-PAGASA2020_Executive_Summary.pdf,Executive Summary
5,pdf,0,Philippine Council for Health Research and Development,Philippine Council for Health Research and Development/summary.txt,11119,True,03-PCHRD2020_Executive_Summary.pdf,Executive Summary
5,pdf,0,"Philippine Council for Industry, Energy and Emerging Technology Research and Development","Philippine Council for Industry, Energy and Emerging Technology Research and Development/summary.txt",11071,True,03-PCIEERD2020_Executive_Summary.pdf,Executive Summary
6,pdf,0,Philippine Institute of Volcanology and Seismology,Philippine Institute of Volcanology and Seismology/summary.txt,12359,True,03-PHIVOLCS2020_Executive_Summary.pdf,Executive Summary
7,pdf,0,Philippine Nuclear Research Institute,Philippine Nuclear Research Institute/summary.txt,17692,True,03-PNRI2020_Executive_Summary.pdf,Executive Summary
8,pdf,0,Philippine Science High School System,Philippine Science High School System/summary.txt,14372,True,03-PSHSS2020_Executive_Summary.pdf,Executive Summary
6,pdf,0,Philippine Textile Research Institute,Philippine Textile Research Institute/summary.txt,11655,True,03-PTRI2020_Executive_Summary.pdf,Executive Summary
5,pdf,0,Science and Technology Information Institute,Science and Technology Information Institute/summary.txt,9734,True,03-STII2020_Executive_Summary.pdf,Executive Summary
5,pdf,0,Science Education Institute,Science Education Institute/summary.txt,10586,True,03-SEI2020_Executive_Summary.pdf,Executive Summary
6,pdf,0,Technology Application and Promotion Institute,Technology Application and Promotion Institute/summary.txt,12433,True,03-TAPI2020_Executive_Summary.pdf,Executive Summary
8,pdf,0,Department of Social Welfare and Development,Department of Social Welfare and Development/summary.txt,17116,True,03-DSWD2020_Executive_Summary.pdf,Executive Summary
5,pdf,0,Council for the Welfare of Children,Council for the Welfare of Children/summary.txt,9836,True,03-CWC2020_Executive_Summary.pdf,Executive Summary
7,pdf,0,Inter-Country Adoption Board,Inter-Country Adoption Board/summary.txt,13684,True,03-ICAB2020_Executive_Summary.pdf,Executive Summary
5,pdf,0,Juvenile Justice and Welfare Council,Juvenile Justice and Welfare Council/summary.txt,11342,True,03-JJWC2020_Executive_Summary.pdf,Executive Summary
5,pdf,0,National Council on Disability Affairs,National Council on Disability Affairs/summary.txt,10515,True,03-NCDA2020_Executive_Summary.pdf,Executive Summary
9,pdf,0,Department of Tourism,Department of Tourism/summary.txt,24678,True,03-DOT2020_Executive_Summary.pdf,Executive Summary
10,pdf,0,Intramuros Administration,Intramuros Administration/summary.txt,25294,True,03-IA2020_Executive_Summary.pdf,Executive Summary
8,pdf,0,National Parks Development Committee,National Parks Development Committee/summary.txt,20655,True,03-NPDC2020_Executive_Summary.pdf,Executive Summary
54,pdf,3,Department of Trade and Industry - Management Letter,Department of Trade and Industry - Management Letter/summary.txt,127018,True,02-DTI2020_Management_Letter.pdf,Management Letter
23,pdf,2,Construction Industry Authority of the Philippines - Management Letter,Construction Industry Authority of the Philippines - Management Letter/summary.txt,50224,True,02-CIAP2020_ML.pdf,ML
22,pdf,0,Department of Transportation,Department of Transportation/summary.txt,46974,True,03-DOTr2020_Executive_Summary.pdf,Executive Summary
7,pdf,0,Civil Aeronautics Board,Civil Aeronautics Board/summary.txt,13822,True,03-CAB2020_Executive_Summary.pdf,Executive Summary
8,pdf,0,Maritime Industry Authority,Maritime Industry Authority/summary.txt,18064,True,03-MARINA2020_Executive_Summary.pdf,Executive Summary
8,pdf,0,Office for Transportation Security,Office for Transportation Security/summary.txt,16162,True,03-OTS2020_Executive_Summary.pdf,Executive Summary
8,pdf,0,Office of Transportation Cooperatives,Office of Transportation Cooperatives/summary.txt,14836,True,03-OTC2020_Executive_Summary.pdf,Executive Summary
9,pdf,0,Philippine Coast Guard,Philippine Coast Guard/summary.txt,23960,True,03-PCG2020_Executive_Summary.pdf,Executive Summary
8,pdf,0,Toll Regulatory Board,Toll Regulatory Board/summary.txt,13243,True,03-TRB2020_Executive_Summary.pdf,Executive Summary
6,pdf,0,National Economic and Development Authority,National Economic and Development Authority/summary.txt,15859,True,03-NEDA2020_Executive_Summary.pdf,Executive Summary
59,pdf,4,Commission on Population and Development - Management Letter,Commission on Population and Development - Management Letter/summary.txt,113962,True,03_CPD2020_Observations_and_Recomm.pdf,Observations
4,pdf,0,Legislative-Executive Development Advisory Council,Legislative-Executive Development Advisory Council/summary.txt,9852,True,03_LEDAC2020_Executive_Summary.pdf,Executive Summary
4,pdf,0,Philippine National Volunteer Service Coordinating Agency,Philippine National Volunteer Service Coordinating Agency/summary.txt,9562,True,03_PNVSCA2020_Executive_Summary.pdf,Executive Summary
8,pdf,0,Philippine Statistical Research and Training Institute,Philippine Statistical Research and Training Institute/summary.txt,18049,True,03-PSRTI2020_Executive_Summary.pdf,Executive Summary
6,pdf,0,Philippine Statistics Authority,Philippine Statistics Authority/summary.txt,14678,True,03_PSA2020_Executive_Summary.pdf,Executive Summary
6,pdf,0,Public-Private Partnership Center of the Philippines,Public-Private Partnership Center of the Philippines/summary.txt,12548,True,03-PPPCP2020_Executive_Summary.pdf,Executive Summary
3,pdf,0,Tariff Commission,Tariff Commission/summary.txt,7286,True,03-TC2020_Executive_Summary.pdf,Executive Summary
59,pdf,3,Metropolitan Manila Development Authority - Management Letter,Metropolitan Manila Development Authority - Management Letter/summary.txt,162881,True,03-MMDA2020_Management_Letter.pdf,Management Letter
5,pdf,0,Office of the President,Office of the President/summary.txt,9454,True,03-OP2020_Executive_Summary.pdf,Executive Summary
7,pdf,3,Anti-Red Tape Authority - Management Letter,Anti-Red Tape Authority - Management Letter/summary.txt,13881,True,03-ARTA2020_ Management_Letter.pdf,Management Letter
5,pdf,0,Climate Change Commission,Climate Change Commission/summary.txt,10419,True,03-CCC2020_Executive_Summary.pdf,Executive Summary
5,pdf,0,Commission on the Filipino Language,Commission on the Filipino Language/summary.txt,8532,True,03-CFL2020_Executive_Summary.pdf,Executive Summary
6,pdf,0,Cooperative Development Authority,Cooperative Development Authority/summary.txt,12553,True,03-CDA2020_Executive_Summary.pdf,Executive Summary
4,pdf,0,Dangerous Drugs Board,Dangerous Drugs Board/summary.txt,7156,True,03-DDB2020_Executive_Summary.pdf,Executive Summary
6,pdf,0,Film Development Council of the Philippines,Film Development Council of the Philippines/summary.txt,11951,True,03-FDCP2020_Executive_Summary.pdf,Executive Summary
5,pdf,0,Games and Amusements Board,Games and Amusements Board/summary.txt,8505,True,03-GAB2020_Executive_Summary.pdf,Executive Summary
6,pdf,0,Governance Commission for GOCCs,Governance Commission for GOCCs/summary.txt,11374,True,03-GCG2020_Executive_Summary.pdf,Executive Summary
4,pdf,0,Movie and Television Review and Classification Board,Movie and Television Review and Classification Board/summary.txt,6687,True,03-MTRCB2020_Executive_Summary .pdf,Executive Summary
5,pdf,0,National Anti-Poverty Commission,National Anti-Poverty Commission/summary.txt,10074,True,03-NAPC2020_Executive_Summary.pdf,Executive Summary
6,pdf,0,National Archives of the Philippines,National Archives of the Philippines/summary.txt,11943,True,03-NAP2020_Executive_Summary.pdf,Executive Summary
7,pdf,0,National Commission for Culture and the Arts,National Commission for Culture and the Arts/summary.txt,14154,True,03-NCCA2020_Executive_Summary.pdf,Executive Summary
9,pdf,0,National Commission on Muslim Filipinos,National Commission on Muslim Filipinos/summary.txt,18851,True,03-NCMF2020_Executive_Summary.pdf,Executive Summary
6,pdf,0,National Library of the Philippines,National Library of the Philippines/summary.txt,12998,True,03-NLP2020_Executive Summary.pdf,Executive Summary
6,pdf,0,National Historical Commission of the Philippines,National Historical Commission of the Philippines/summary.txt,11929,True,03-NHCP2020_Executive_Summary.pdf,Executive Summary
5,pdf,0,National Youth Commission,National Youth Commission/summary.txt,8884,True,03-NYC2020_Executive_Summary.pdf,Executive Summary
6,pdf,0,Optical Media Board,Optical Media Board/summary.txt,12473,True,03-OMB2020_Executive_Summary.pdf,Executive Summary
6,pdf,0,Philippine Commission on Women,Philippine Commission on Women/summary.txt,11019,True,03-PCW2020_Executive_Summary.pdf,Executive Summary
4,pdf,0,Philippine Competition Commission,Philippine Competition Commission/summary.txt,6613,True,03-PCC2020_Executive_Summary.pdf,Executive Summary
4,pdf,0,Philippine Drug Enforcement Agency,Philippine Drug Enforcement Agency/summary.txt,6933,True,03-PDEA2020_Executive_Summary.pdf,Executive Summary
5,pdf,0,Philippine Racing Commission,Philippine Racing Commission/summary.txt,8074,True,03-PhilRaCom2020_Executive_Summary.pdf,Executive Summary
3,pdf,0,Philippine Space Agency,Philippine Space Agency/summary.txt,5108,True,03-PhilSA2020_Executive_Summary.pdf,Executive Summary
6,pdf,0,Philippine Sports Commission,Philippine Sports Commission/summary.txt,13585,True,03-PSC2020_Executive_Summary.pdf,Executive Summary
7,pdf,0,Presidential Commission for the Urban Poor,Presidential Commission for the Urban Poor/summary.txt,15349,True,03-PCUP2020_Executive_Summary.pdf,Executive Summary
5,pdf,0,Presidential Legislative Liaison Office,Presidential Legislative Liaison Office/summary.txt,10280,True,03-PLLO2020_Executive_Summary.pdf,Executive Summary
4,pdf,0,Presidential Management Staff,Presidential Management Staff/summary.txt,8623,True,03-PMS2020_Executive_Summary.pdf,Executive Summary
5,pdf,0,Office of the Vice President,Office of the Vice President/summary.txt,9686,True,03-OVP2020_Executive_Summary.pdf,Executive Summary
15,pdf,0,Overseas Workers Welfare Administration,Overseas Workers Welfare Administration/summary.txt,28413,True,03-OWWA2020_Executive_Summary.pdf,Executive Summary
7,pdf,0,Presidential Communications Operations Office,Presidential Communications Operations Office/summary.txt,13573,True,03-PCOO2020_Executive_Summary.pdf,Executive Summary
5,pdf,0,Bureau of Broadcast Services,Bureau of Broadcast Services/summary.txt,9793,True,03-BBS2020_Executive_Summary.pdf,Executive Summary
5,pdf,0,Bureau of Communications Services,Bureau of Communications Services/summary.txt,9927,True,03-BCS2020_Executive_Summary.pdf,Executive Summary
7,pdf,0,National Printing Office,National Printing Office/summary.txt,13505,True,03-NPO2020_Executive_Summary.pdf,Executive Summary
5,pdf,0,News and Information Bureau,News and Information Bureau/summary.txt,9129,True,03-NIB2020_Executive_Summary.pdf,Executive Summary
10,pdf,0,Philippine Information Agency,Philippine Information Agency/summary.txt,21612,True,03-PIA2020_Executive_Summary.pdf,Executive Summary
5,pdf,0,Presidential Broadcast Staff-RTVM,Presidential Broadcast Staff-RTVM/summary.txt,7483,True,03-PBS2020_Executive_Summary.pdf,Executive Summary
10,pdf,0,Eulogio Amang Rodriguez Institute of Science and Technology,Eulogio Amang Rodriguez Institute of Science and Technology/summary.txt,22319,True,03-EARIST2020_Executive_Summary.pdf,Executive Summary
6,pdf,0,Marikina Polytechnic College,Marikina Polytechnic College/summary.txt,12635,True,03-MPC2020_Executive_Summary.pdf,Executive Summary
8,pdf,0,Philippine State College of Aeronautics,Philippine State College of Aeronautics/summary.txt,17523,True,03-PHILSCA2020_Executive_Summary.pdf,Executive Summary
13,pdf,0,Philippine Normal University,Philippine Normal University/summary.txt,28347,True,03-PNU2020_Executive_Summary.pdf,Executive Summary
16,pdf,0,Polytechnic University of the Philippines,Polytechnic University of the Philippines/summary.txt,37697,True,03-PUP2020_Executive_Summary.pdf,Executive Summary
10,pdf,0,Rizal Technological University,Rizal Technological University/summary.txt,20502,True,03-RTU2020_Executive_Summary.pdf,Executive Summary
11,pdf,0,Technological University of the Philippines System,Technological University of the Philippines System/summary.txt,23633,True,03-TUP2020_Executive_Summary.pdf,Executive Summary
91,pdf,1,Ilocos Sur Polytechnic State College,Ilocos Sur Polytechnic State College/summary.txt,173232,True,01-ISPSC2020_Audit_Report.pdf,Audit Report
57,pdf,1,North Luzon Philippines State College,North Luzon Philippines State College/summary.txt,101499,True,01-NLPSC2020_Audit_Report.pdf,Audit Report
112,pdf,1,University of Northern Philippines,University of Northern Philippines/summary.txt,226016,True,01-UNP2020_Audit_Report.pdf,Audit Report
191,pdf,1,Batangas State University,Batangas State University/summary.txt,382469,True,BSU2020_Audit_Report.pdf,Audit Report
172,pdf,1,Cavite State University,Cavite State University/summary.txt,368221,True,CvSU2020_Audit_Report.pdf,Audit Report
194,pdf,1,Laguna State Polytechnic University,Laguna State Polytechnic University/summary.txt,522,False,LSPU2020_Audit_Report.pdf,Audit Report
231,pdf,1,Southern Luzon State University,Southern Luzon State University/summary.txt,593,False,SLSU2020_Audit_Report.pdf,Audit Report
193,pdf,1,University of Rizal System,University of Rizal System/summary.txt,431010,True,URS2020_Audit_Report.pdf,Audit Report
6,pdf,0,Romblon State University,Romblon State University/summary.txt,15447,True,05-RSU2020_Executive_Summary.pdf,Executive Summary
7,pdf,0,Catanduanes State University,Catanduanes State University/summary.txt,74,False,03-CSU2020_Executive_Summary.pdf,Executive Summary
6,pdf,0,Dr. Emilio B. Espinosa Sr. Memorial State College of Agriculture and Technology,Dr. Emilio B. Espinosa Sr. Memorial State College of Agriculture and Technology/summary.txt,72,False,03-DEBESMSCAT2020-Executive_Summary.pdf,Executive Summary
122,pdf,1,Biliran Province State University,Biliran Province State University/summary.txt,211090,True,BiPSU2020-Audit_Report.pdf,Audit Report
285,pdf,1,Eastern Samar State University,Eastern Samar State University/summary.txt,569222,True,ESSU2020_Audit_Report.pdf,Audit Report
106,pdf,1,National Maritime Polytechnic,National Maritime Polytechnic/summary.txt,171028,True,NationalMaritimePolytechnic2020_Audit_Report.pdf,Audit Report
5,pdf,0,Zamboanga City State Polytechnic College,Zamboanga City State Polytechnic College/summary.txt,12297,True,04-ZCSPC2020_Executive_Summary.pdf,Executive Summary
5,pdf,0,Compostela Valley State College,Compostela Valley State College/summary.txt,11621,True,03-CVSC2020_Executive_Summary.pdf,Executive Summary
4,pdf,0,Davao del Norte State College,Davao del Norte State College/summary.txt,8644,True,03-DNSC2020_Executive_Summary.pdf,Executive Summary
6,pdf,0,Davao del Sur State College,Davao del Sur State College/summary.txt,13140,True,03-DSSC2020_Executive_Summary.pdf,Executive Summary
6,pdf,0,Southern Philippines Agri-Business and Marine and Aquatic School of Technology,Southern Philippines Agri-Business and Marine and Aquatic School of Technology/summary.txt,11888,True,03-SPAMAST2020_Executive_Summary.pdf,Executive Summary
54,pdf,1,Cotabato Foundation College of Science and Technology,Cotabato Foundation College of Science and Technology/summary.txt,89964,True,CFCST2020_Audit_Report.pdf,Audit Report
79,pdf,1,Mindanao State University,Mindanao State University/summary.txt,156588,True,MSU2020_Audit_Report.pdf,Audit Report
127,pdf,1,Sultan Kudarat State University,Sultan Kudarat State University/summary.txt,221529,True,SKSU2020_Audit_Report.pdf,Audit Report
155,pdf,1,Agusan del Sur State College of Agriculture and Technology,Agusan del Sur State College of Agriculture and Technology/summary.txt,331654,True,ASSCAT2020_Audit_Report.pdf,Audit Report
148,pdf,-1,Caraga State University,Caraga State University/summary.txt,281471,True,CSU-R13_aar2020.pdf,N/A
230,pdf,1,Surigao State College of Technology,Surigao State College of Technology/summary.txt,441689,True,SSCT2020_Audit_Report.pdf,Audit Report
66,pdf,1,Adiong Memorial Polytechnic State College,Adiong Memorial Polytechnic State College/summary.txt,78555,True,AMPSC2020_Audit_Report.pdf,Audit Report
176,pdf,1,Mindanao State University - Main Campus,Mindanao State University - Main Campus/summary.txt,349964,True,MSU2020_Audit_Report.pdf,Audit Report
143,pdf,1,Mindanao State University - Tawi-Tawi College of Technology and Oceanography,Mindanao State University - Tawi-Tawi College of Technology and Oceanography/summary.txt,217825,True,MSU-TCTO2020_Audit_Report.pdf,Audit Report
94,pdf,1,Tawi-Tawi Regional Agricultural College,Tawi-Tawi Regional Agricultural College/summary.txt,5441,True,TRAC2020_Audit_Report.pdf,Audit Report
37,pdf,0,Technical Education and Skills Development Authority,Technical Education and Skills Development Authority/summary.txt,86075,True,03-TESDA2020_Executive Summary.pdf,Executive Summary
7,pdf,0,Philippine Carabao Center,Philippine Carabao Center/summary.txt,17831,True,03-PCC2020_Executive_Summary.pdf,Executive Summary
118,pdf,1,Forest Products Research and Development Institute,Forest Products Research and Development Institute/summary.txt,260616,True,FPRDI2020_Audit_Report.pdf,Audit Report
189,pdf,1,"Philippine Council for Agriculture, Aquatic and Natural Resources Research and Devt.","Philippine Council for Agriculture, Aquatic and Natural Resources Research and Devt./summary.txt",447008,True,PCAARRD2020_Audit_Report.pdf,Audit Report
104,pdf,1,Philippine High School for the Arts,Philippine High School for the Arts/summary.txt,344,False,PHSA2020_Audit_Report.pdf,Audit Report
46,pdf,1,Bangsamoro Human Rights Commission,Bangsamoro Human Rights Commission/summary.txt,60835,True,BHRC2020_Audit_Report.pdf,Audit Report
55,pdf,1,Ministry of Human Settlement and Development,Ministry of Human Settlement and Development/summary.txt,93373,True,MHSD2020_Audit_Report.pdf,Audit Report
45,pdf,1,Ministry of Public Order and Safety,Ministry of Public Order and Safety/summary.txt,65594,True,MPOS2020_Audit_Report.pdf,Audit Report
84,pdf,1,Ministry of Social Services and Development,Ministry of Social Services and Development/summary.txt,142529,True,MSSD2020_Audit_Report.pdf,Audit Report
