HiddenSlides,TotalTime,Application,HeadingPairs,Template,Paragraphs,MMClips,HyperlinkBase,PresentationFormat,Company,contentStatus,lastPrinted,TitlesOfParts,subject,created,revision,dest,DocSecurity,Pages,byteLen,Words,LinksUpToDate,modified,type,creator,CharactersWithSpaces,Lines,description,category,Slides,Notes,path,SharedDoc,HyperlinksChanged,keywords,title,Content-Type,AppVersion,Characters,fromDoc,Manager,ScaleCrop,lastModifiedBy
,0,Microsoft Office Word,,Normal.dotm,19,,,,,,2020-09-08T06:48:00Z,,,2021-08-21T11:28:00Z,2,txt/Career Executive Service Board/summary.txt,0,3,9764,1422,false,2021-08-21T11:28:00Z,0,COA - Career Executive Service Board,9509,67,,,,,pdfs/Career Executive Service Board/03-CESB2020_Executive_Summary.docx,false,false,,Executive Summary,application/docx,16.0000,8106,True,,false,user
,1,Microsoft Office Word,,Normal,24,,,,,,,,,2021-07-08T01:42:00Z,2,txt/Civil Service Commission/summary.txt,0,5,12487,1828,false,2021-07-08T01:42:00Z,0,COA - Civil Service Commission,12227,86,,,,,pdfs/Civil Service Commission/03-CSC2020_Executive_Summary.docx,false,false,,Executive Summary,application/docx,15.0000,10423,False,,false,Riziel C. Garcia
,1,Microsoft Office Word,,Normal,20,,,,,,2021-04-26T02:39:00Z,,,2021-04-26T04:25:00Z,5,txt/Commission on Human Rights/summary.txt,0,5,10591,1544,false,2021-05-06T05:52:00Z,0,COA - Commission on Human Rights,10331,73,,,,,pdfs/Commission on Human Rights/03-CHR2020_Executive_Summary.docx,false,false,,Executive Summary,application/docx,15.0000,8807,False,,false,Mario B. Bacoco
,1,Microsoft Office Word,,Normal,21,,,,,,2021-05-19T05:07:00Z,,,2021-05-19T07:31:00Z,4,txt/Human Rights Violations Victims’ Memorial Commission/summary.txt,0,5,10963,1608,false,2021-05-25T03:01:00Z,0,COA - Human Rights Violations Victims' Memorial Commission,10753,76,,,,,pdfs/Human Rights Violations Victims’ Memorial Commission/03-HRVVMC2020_Executive_Summary.docx,false,false,,Executive Summary,application/docx,15.0000,9166,False,,false,Kevin C. Fesalbon
,3,Microsoft Office Word,,Normal,237,,,,,,2021-05-24T05:06:00Z,,,2021-05-24T08:14:00Z,8,txt/Office of the Ombudsman - Management Letter/summary.txt,0,1,124008,17758,false,2021-05-27T02:01:00Z,3,COA - Office of the Ombudsman,118748,843,,,,,pdfs/Office of the Ombudsman - Management Letter/02-OMB2020_Management_Letter.docx,false,false,,Management Letter,application/docx,15.0000,101227,False,,false,Kevin C. Fesalbon
,41,Microsoft Office Word,,Normal,267,,,,,,2021-07-27T07:31:00Z,,,2021-07-27T07:22:00Z,13,txt/Department of Agrarian Reform - Management Letter/summary.txt,0,60,139344,20004,false,2021-07-30T03:05:00Z,3,COA - Department of Agrarian Reform,133766,950,,,,,pdfs/Department of Agrarian Reform - Management Letter/02-DAR2020_Management_Letter.docx,false,false,,Consolidated Management Letter on the Audit of the Department of Agrarian Reform,application/docx,15.0000,114029,False,,false,Riziel C. Garcia
,328,Microsoft Office Word,,Normal,39,,,,,,2021-07-01T03:15:00Z,,,2020-10-01T16:59:00Z,84,txt/Department of Agriculture/summary.txt,0,9,20469,2987,false,2021-07-13T06:37:00Z,0,COA - Department of Agriculture,19978,141,,,,,pdfs/Department of Agriculture/03-DA2020_Executive_Summary.docx,false,false,,Executive Summary,application/docx,15.0000,17030,False,,false,Evy Rose L. Lacanlale
,41,Microsoft Office Word,,Normal,15,,,,,,2020-09-17T06:22:00Z,,,2021-05-16T06:28:00Z,17,txt/Agricultural Credit Policy Council/summary.txt,0,4,8073,1176,false,2021-05-31T05:44:00Z,0,COA-Agricultural Credit Policy Council,7868,55,,,,,pdfs/Agricultural Credit Policy Council/03-ACPC2020_Executive_Summary.docx,false,false,,Executive Summary,application/docx,15.0000,6707,False,,false,"Ben A. Lazo, Jr."
,236,Microsoft Office Word,,Normal,247,,,,,,2021-06-29T07:05:00Z,,,2021-06-22T08:24:00Z,43,txt/Bureau of Fisheries and Aquatic Resources - Management Letter/summary.txt,0,57,129816,18532,false,2021-07-14T01:55:00Z,3,COA - Bureau of Fisheries and Aquatic Resources,123919,880,,,,,pdfs/Bureau of Fisheries and Aquatic Resources - Management Letter/02-BFAR2020_Consolidated_Management_Letter.docx,false,false,,Consolidated Management Letter,application/docx,15.0000,105634,False,,false,"Ben A. Lazo, Jr."
,133,Microsoft Office Word,,Normal,20,,,,,,2021-05-14T03:06:00Z,,,2021-04-28T09:55:00Z,22,txt/Fertilizer and Pesticide Authority/summary.txt,0,5,10502,1521,false,2021-05-27T00:36:00Z,0,COA-Fertilzer and Pesticide Authority,10176,72,,,,,pdfs/Fertilizer and Pesticide Authority/03-FPA2020_Executive_Summary.docx,false,false,,Executive Summary,application/docx,15.0000,8675,False,,false,"Ben A. Lazo, Jr."
,64,Microsoft Office Word,,Normal,18,,,,,,2021-05-24T04:51:00Z,,,2021-05-11T08:49:00Z,24,txt/National Fisheries Research and Development Institute/summary.txt,0,4,9610,1398,false,2021-05-27T02:14:00Z,0,COA-National Fisheries  Research and  Development Institute,9352,66,,,,,pdfs/National Fisheries Research and Development Institute/03-NFRDI2020_Executive_Summary.docx,false,false,,Executive Summary,application/docx,15.0000,7972,False,,false,"Ben A. Lazo, Jr."
,38,Microsoft Office Word,,Normal,19,,,,,,2021-07-01T05:18:00Z,,,2021-06-11T16:02:00Z,19,txt/Philippine Council for Agriculture and Fisheries/summary.txt,0,5,10237,1480,false,2021-07-01T05:19:00Z,0,COA - Philippine Council for Agriculture and Fisheries,9898,70,,,,,pdfs/Philippine Council for Agriculture and Fisheries/03-PCAF2020_Executive_Summary.docx,false,false,,Executive Summary,application/docx,15.0000,8437,False,,false,Jayson L. Gabat
,35,Microsoft Office Word,,Normal,25,,,,,,,,,2021-05-24T01:06:00Z,11,txt/National Meat Inspection Service/summary.txt,0,6,13286,1927,false,2021-06-02T06:13:00Z,0,COA- National Meat Inspection Service,12891,91,,,,,pdfs/National Meat Inspection Service/03-NMIS2020_Executive_Summary.docx,false,false,,Executive Summary,application/docx,15.0000,10989,False,,false,Mario B. Bacoco
,101,Microsoft Office Word,,Normal,108,,,,,,2021-06-03T01:34:00Z,,,2021-05-21T07:26:00Z,68,txt/Philippine Fiber Industry Development Authority - Management Letter/summary.txt,0,27,56381,8100,false,2021-06-14T02:53:00Z,3,COA - Philippine Fiber Industry Development Authority,54164,384,,,,,pdfs/Philippine Fiber Industry Development Authority - Management Letter/02-PHILFIDA2020_Management_Letter.docx,false,false,,Management Letter,application/docx,15.0000,46172,False,,false,"Ben A. Lazo, Jr."
,56,Microsoft Office Word,,Normal,40,,,,,,2020-10-15T02:48:00Z,,,2021-07-08T02:51:00Z,13,txt/Department of Environment and Natural Resources/summary.txt,0,9,20937,3060,false,2021-07-22T05:45:00Z,0,COA - Department of Environment and Natural Resources,20468,145,,,,,pdfs/Department of Environment and Natural Resources/03-DENR2020_Executive_Summary.docx,false,false,,Executive Summary,application/docx,15.0000,17448,False,,false,"Ben A. Lazo, Jr."
,14,Microsoft Office Word,,Normal,20,,,,,,2021-06-02T06:57:00Z,,,2021-06-02T04:11:00Z,9,txt/Mines and Geosciences Bureau/summary.txt,0,5,10717,1553,false,2021-06-14T02:34:00Z,0,COA - Mines and Geosciences Bureau,10387,73,,,,,pdfs/Mines and Geosciences Bureau/03-MGB2020_Executive_Summary.docx,false,false,,Executive Summary,application/docx,15.0000,8854,False,,false,"Ben A. Lazo, Jr."
,0,Microsoft Office Word,,Normal.dotm,23,,,,,,2021-07-01T03:39:00Z,,,2021-08-21T11:28:00Z,2,txt/National Mapping and Resource Information Authority/summary.txt,0,3,12082,1764,false,2021-08-21T11:28:00Z,0,COA - National Mapping and Resources Information Authority,11796,83,,,,,pdfs/National Mapping and Resource Information Authority/03-NAMRIA2020_Executive_Summary.docx,false,false,,Executive Summary,application/docx,16.0000,10055,True,,false,user
,12,Microsoft Office Word,,Normal,14,,,,,,2021-05-12T05:46:00Z,,,2021-05-12T05:49:00Z,17,txt/National Water Resources Board/summary.txt,0,4,7268,1048,false,2021-05-27T02:48:00Z,0,COA-National Water Resources Board,7011,49,,,,,pdfs/National Water Resources Board/03-NWRB2020_Executive_Summary.docx,false,false,,Executive Summary,application/docx,15.0000,5977,False,,false,"Ben A. Lazo, Jr."
,0,Microsoft Office Word,,Normal.dotm,28,,,,,,2021-08-03T05:24:00Z,,,2021-08-21T11:28:00Z,2,txt/Department of Human Settlements and Urban Development/summary.txt,0,3,14806,2110,false,2021-08-21T11:28:00Z,0,COA - Department of Human Settlements and Urban Development,14113,100,,,,,pdfs/Department of Human Settlements and Urban Development/03-DHSUD2020_Executive_Summary.docx,false,false,,Executive Summary,application/docx,16.0000,12031,True,,false,user
,3,Microsoft Office Word,,Normal,30,,,,,,2021-06-08T09:20:00Z,,,2021-06-11T03:42:00Z,7,txt/Department of Justice/summary.txt,0,7,15555,2265,false,2021-06-23T04:46:00Z,0,COA - Department of Justice,15150,107,,,,,pdfs/Department of Justice/03-DOJ2020_Executive_Summary.docx,false,false,,Executive Summary,application/docx,15.0000,12915,False,,false,"Ben A. Lazo, Jr."
,185,Microsoft Office Word,,Normal,31,,,,,,2021-07-27T03:26:00Z,,,2021-07-23T11:16:00Z,39,txt/Bureau of Corrections/summary.txt,0,6,16346,2381,false,2021-08-02T08:15:00Z,0,COA - Bureau of Corrections,15926,113,,,,,pdfs/Bureau of Corrections/03-BUCOR2020_Executive_Summary.docx,false,false,,Executive Summary,application/docx,15.0000,13576,False,,false,"Ben A. Lazo, Jr."
,39,Microsoft Office Word,,Normal,35,,,,,,2021-07-29T07:40:00Z,,,2021-07-29T06:57:00Z,61,txt/Bureau of Immigration/summary.txt,0,7,17948,2619,false,2021-08-02T07:44:00Z,0,COA - Bureau of Immigration,17517,124,,,,,pdfs/Bureau of Immigration/03-BI2020_Executive_Summary.docx,false,false,,Executive Summary,application/docx,15.0000,14933,False,,false,"Ben A. Lazo, Jr."
,4,Microsoft Office Word,,Normal,52,,,,,,2021-07-29T07:01:00Z,,,2021-07-29T07:52:00Z,5,txt/Land Registration Authority/summary.txt,0,10,26530,3910,false,2021-08-03T01:30:00Z,0,COA - Land Registration Authority,26146,185,,,,,pdfs/Land Registration Authority/03-LRA2020_Executive_Summary.docx,false,false,,Executive Summary,application/docx,15.0000,22288,False,,false,"Ben A. Lazo, Jr."
,18,Microsoft Office Word,,Normal,30,,,,,,2021-06-29T04:56:00Z,,,2021-06-29T05:11:00Z,6,txt/National Bureau of Investigation/summary.txt,0,7,15420,2252,false,2021-07-08T06:41:00Z,0,COA - National Bureau of Investigation,15060,106,,,,,pdfs/National Bureau of Investigation/03-NBI2020_Executive_Summary.docx,false,false,,Executive Summary,application/docx,15.0000,12838,False,,false,Jayson L. Gabat
,7,Microsoft Office Word,,Normal,13,,,,,,2021-03-15T07:00:00Z,,,2021-05-02T01:09:00Z,7,txt/Office of the Government Corporate Counsel/summary.txt,0,4,6985,1008,false,2021-06-03T01:57:00Z,0,COA - Office of the Government Corporate Counsel,6747,47,,,,,pdfs/Office of the Government Corporate Counsel/03-OGCC2020_Executive_Summary.docx,false,false,,Executive Summary,application/docx,15.0000,5752,False,,false,Kevin C. Fesalbon
,0,Microsoft Office Word,,Normal.dotm,22,,,,,,2021-06-11T06:54:00Z,,,2021-08-21T11:28:00Z,2,txt/Office of the Solicitor General/summary.txt,0,3,11301,1651,false,2021-08-21T11:28:00Z,0,COA - Office of the Solicitor General,11046,78,,,,,pdfs/Office of the Solicitor General/03-OSG2020_Executive_Summary.docx,false,false,,Executive Summary,application/docx,16.0000,9417,True,,false,user
,38,Microsoft Office Word,,Normal,21,,,,,,2021-07-22T08:22:00Z,,,2021-07-18T14:08:00Z,18,txt/Parole and Probation Administration/summary.txt,0,5,10838,1575,false,2021-07-28T02:51:00Z,0,COA - Parole and Probation Administration,10538,74,,,,,pdfs/Parole and Probation Administration/03-PPA2020_Executive_Summary.docx,false,false,,Executive Summary,application/docx,15.0000,8984,False,,false,Mario B. Bacoco
,0,Microsoft Office Word,,Normal.dotm,31,,,,,,2021-03-15T06:43:00Z,,,2021-08-21T11:28:00Z,2,txt/Presidential Commission on Good Government/summary.txt,0,3,16005,2336,false,2021-08-21T11:28:00Z,0,COA - Presidential Commission on Good Government,15626,111,,,,,pdfs/Presidential Commission on Good Government/03-PCGG2020_Executive_Summary.docx,false,false,,Executive Summary,application/docx,16.0000,13321,True,,false,user
,54,Microsoft Office Word,,Normal,23,,,,,,2021-07-14T03:24:00Z,,,2021-07-13T03:14:00Z,26,txt/Public Attorney's Office/summary.txt,0,5,12077,1762,false,2021-07-22T02:46:00Z,0,COA - Public Attorney's Office,11783,83,,,,,pdfs/Public Attorney's Office/03-PAO2020_Executive_Summary.docx,false,false,,Executive Summary,application/docx,15.0000,10044,False,,false,Mario B. Bacoco
,27,Microsoft Office Word,,Normal,17,,,,,,2020-07-08T01:58:00Z,,,2021-05-17T06:07:00Z,11,txt/Department of National Defense/summary.txt,0,4,9144,1336,false,2021-06-03T01:05:00Z,0,COA - Department of National Defense,8939,63,,,,,pdfs/Department of National Defense/03-DND2020_Executive_Summary.docx,false,false,,Executive Summary,application/docx,15.0000,7620,False,,false,Kevin C. Fesalbon
,2,Microsoft Office Word,,Normal,18,,,,,,2021-06-03T00:52:00Z,,,2021-05-21T03:56:00Z,7,txt/Armed Forces of the Philippines Commissary and Exchange Service/summary.txt,0,5,9666,1405,false,2021-06-03T00:52:00Z,0,COA - Armed Forces of the Philippines Commissary and Exchange Service,9401,66,,,,,pdfs/Armed Forces of the Philippines Commissary and Exchange Service/03-AFPCES2020_Executive_Summary.docx,false,false,,Executive Summary,application/docx,15.0000,8014,False,,false,Kevin C. Fesalbon
,24,Microsoft Office Word,,Normal,48,,,,,,2021-07-08T06:05:00Z,,,2021-06-29T05:43:00Z,30,"txt/General Headquarters, Armed Forces of the Philippines/summary.txt",0,9,24323,3591,false,2021-07-08T06:07:00Z,0,"COA - General Headquarters, Armed Forces of the Philippines",24013,170,,,,,"pdfs/General Headquarters, Armed Forces of the Philippines/03-GHQ-AFP2020_Executive_Summary.docx",false,false,,Executive Summary,application/docx,15.0000,20470,False,,false,Jayson L. Gabat
,41,Microsoft Office Word,,Normal,12,,,,,,2021-06-03T01:33:00Z,,,2021-04-26T22:40:00Z,11,txt/National Defense College of the Philippines/summary.txt,0,3,6183,897,false,2021-06-03T01:33:00Z,0,COA - National Defense College of the Philippines,6002,42,,,,,pdfs/National Defense College of the Philippines/03-NDCP2020_Executive_Summary.docx,false,false,,Executive Summary,application/docx,15.0000,5117,False,,false,Kevin C. Fesalbon
,11,Microsoft Office Word,,Normal,28,,,,,,2021-06-03T01:40:00Z,,,2021-05-11T04:16:00Z,11,txt/Office of Civil Defense/summary.txt,0,5,14334,2102,false,2021-06-03T01:41:00Z,0,COA - Office of Civil Defense,14062,99,,,,,pdfs/Office of Civil Defense/03-OCD2020_Executive_Summary.docx,false,false,,Executive Summary,application/docx,15.0000,11988,False,,false,Kevin C. Fesalbon
,0,Microsoft Office Word,,Normal.dotm,43,,,,,,2021-07-07T06:16:00Z,,,2021-08-21T11:28:00Z,2,txt/Philippine Air Force/summary.txt,0,3,22080,3239,false,2021-08-21T11:28:00Z,0,COA - Philippine Air Force,21660,153,,,,,pdfs/Philippine Air Force/03-PAF2020_Executive_Summary.docx,false,false,,Executive Summary,application/docx,16.0000,18464,True,,false,user
,0,Microsoft Office Word,,Normal.dotm,30,,,,,,2021-07-27T05:00:00Z,,,2021-08-21T11:28:00Z,2,txt/Philippine Army/summary.txt,0,3,15805,2278,false,2021-08-21T11:28:00Z,0,COA - Philippine Army,15238,108,,,,,pdfs/Philippine Army/03-PA2020_Executive_Summary.docx,false,false,,Executive Summary,application/docx,16.0000,12990,True,,false,user
,0,Microsoft Office Word,,Normal.dotm,33,,,,,,2021-05-03T15:45:00Z,,,2021-08-21T11:28:00Z,2,txt/Philippine Navy/summary.txt,0,3,17054,2491,false,2021-08-21T11:28:00Z,0,COA - Philippine Navy,16663,118,,,,,pdfs/Philippine Navy/03-PN2020_Executive Summary.docx,false,false,,Executive Summary,application/docx,16.0000,14205,True,,false,user
,0,Microsoft Office Word,,Normal.dotm,33,,,,,,2021-06-01T07:05:00Z,,,2021-08-21T11:28:00Z,2,txt/Philippine Veterans Affairs Office/summary.txt,0,3,17113,2474,false,2021-08-21T11:28:00Z,0,COA - Philippine Veterans Affairs Office,16546,117,,,,,pdfs/Philippine Veterans Affairs Office/03-PVAO2020_Executive_Summary.docx,false,false,,Executive Summary,application/docx,16.0000,14105,True,,false,user
,46,Microsoft Office Word,,Normal,21,,,,,,2021-03-30T07:25:00Z,,,2021-05-11T07:43:00Z,11,txt/Veterans Memorial Medical Center/summary.txt,0,5,10973,1599,false,2021-06-03T02:27:00Z,0,COA - Veterans Memorial Medical Center,10697,75,,,,,pdfs/Veterans Memorial Medical Center/03-VMMC2020_Executive_Summary.docx,false,false,,Executive Summary,application/docx,15.0000,9119,False,,false,Kevin C. Fesalbon
,0,Microsoft Office Word,,Normal.dotm,50,,,,,,2020-09-28T07:32:00Z,,,2021-08-21T11:28:00Z,2,txt/Department of the Interior and Local Government/summary.txt,0,3,25971,3807,false,2021-08-21T11:28:00Z,0,COA - Department of the Interior and Local Government,25459,180,,,,,pdfs/Department of the Interior and Local Government/03-DILG2020_Executive_Summary.docx,false,false,,Executive Summary,application/docx,16.0000,21702,True,,false,user
,63,Microsoft Office Word,,Normal,50,,,,,,2020-09-23T06:33:00Z,,,2021-07-14T06:06:00Z,21,txt/Bureau of Fire Protection/summary.txt,0,10,25871,3791,false,2021-07-28T02:17:00Z,0,COA - Bureau of Fire Protection,25351,180,,,,,pdfs/Bureau of Fire Protection/03-BFP2020_Executive_Summary.docx,false,false,,Executive Summary,application/docx,15.0000,21610,False,,false,Mario B. Bacoco
,26,Microsoft Office Word,,Normal,31,,,,,,2021-06-09T01:55:00Z,,,2021-06-09T01:29:00Z,8,txt/Bureau of Jail Management and Penology/summary.txt,0,6,15822,2320,false,2021-06-23T03:52:00Z,0,COA - Bureau of Jail Management and Penology,15513,110,,,,,pdfs/Bureau of Jail Management and Penology/03-BJMP2020_Executive_Summary.docx,false,false,,Executive Summary,application/docx,15.0000,13224,False,,false,"Ben A. Lazo, Jr."
,0,Microsoft Office Word,,Normal.dotm,15,,,,,,2021-06-03T01:17:00Z,,,2021-08-21T11:28:00Z,2,txt/Local Government Academy/summary.txt,0,3,7754,1122,false,2021-08-21T11:28:00Z,0,COA - Local Government Academy,7506,53,,,,,pdfs/Local Government Academy/03-LGA2020_Executive_Summary.docx,false,false,,Executive Summary,application/docx,16.0000,6399,True,,false,user
,0,Microsoft Office Word,,Normal.dotm,29,,,,,,2021-05-03T01:36:00Z,,,2021-08-21T11:28:00Z,2,txt/National Police Commission/summary.txt,0,3,15040,2200,false,2021-08-21T11:28:00Z,0,COA - National Police Commission,14715,104,,,,,pdfs/National Police Commission/03-NAPOLCOM2020_Executive_Summary.docx,false,false,,Executive Summary,application/docx,16.0000,12544,True,,false,user
,3,Microsoft Office Word,,Normal,56,,,,,,2021-07-08T07:40:00Z,,,2021-06-23T06:34:00Z,7,txt/Philippine National Police/summary.txt,0,11,28435,4203,false,2021-07-08T07:40:00Z,0,COA - Philippine National Police,28106,199,,,,,pdfs/Philippine National Police/03-PNP2020_Executive_Summary.docx,false,false,,Executive Summary,application/docx,15.0000,23959,False,,false,Jayson L. Gabat
,0,Microsoft Office Word,,Normal.dotm,19,,,,,,2021-03-23T02:18:00Z,,,2021-08-21T11:28:00Z,2,txt/Philippine Public Safety College/summary.txt,0,3,9791,1429,false,2021-08-21T11:28:00Z,0,COA - Philippine Public Safety College,9557,67,,,,,pdfs/Philippine Public Safety College/03-PPSC2020_Executive_Summary.docx,false,false,,Executive Summary,application/docx,16.0000,8147,True,,false,user
,4,Microsoft Office Word,,Normal,14,,,,,,2020-07-16T22:02:00Z,,,2021-05-22T01:08:00Z,9,txt/Board of Investments/summary.txt,0,4,7200,994,false,2021-06-02T05:27:00Z,0,COA - Board of Investments,7004,50,,,,,pdfs/Board of Investments/03-BOI2020_Executive_Summary.docx,false,false,,Executive Summary,application/docx,15.0000,6024,False,,false,Mario B. Bacoco
,74,Microsoft Office Word,,Normal,17,,,,,,2021-04-29T01:02:00Z,,,2021-04-21T05:13:00Z,7,txt/Intellectual Property Office of the Philippines/summary.txt,0,4,9054,1321,false,2021-05-27T01:24:00Z,0,COA-Intellectual Property Office of the Philippines,8835,62,,,,,pdfs/Intellectual Property Office of the Philippines/03-IPOPHL2020_Executive_Summary.docx,false,false,,Executive Summary,application/docx,15.0000,7531,False,,false,"Ben A. Lazo, Jr."
,0,Microsoft Office Word,,Normal.dotm,13,,,,,,2021-05-05T04:17:00Z,,,2021-08-21T11:28:00Z,2,txt/Design Center of the Philippines/summary.txt,0,3,6995,1012,false,2021-08-21T11:28:00Z,0,COA-Design Center of the Philippines,6771,48,,,,,pdfs/Design Center of the Philippines/03-DCP2020_Executive_Summary.docx,false,false,,Executive Summary,application/docx,16.0000,5772,True,,false,user
,0,Microsoft Office Word,,Normal.dotm,13,,,,,,2021-05-05T04:20:00Z,,,2021-08-21T11:28:00Z,2,txt/Philippine Trade Training Center/summary.txt,0,3,7112,1030,false,2021-08-21T11:28:00Z,0,COA - Philippine Trade Training Center,6892,48,,,,,pdfs/Philippine Trade Training Center/03-PTTC2020_Executive_Summary.docx,false,false,,Executive Summary,application/docx,16.0000,5875,True,,false,user
,12,Microsoft Office Word,,Normal,524,,,,,,,,,2021-06-21T01:17:00Z,7,txt/House of Representatives/summary.txt,0,6,11513,1685,false,2021-07-08T00:15:00Z,0,COA - House of Representatives,10485,2331,,,,,pdfs/House of Representatives/03-HOR2020_Executive_Summary.docx,false,false,,Executive Summary,application/docx,15.0000,9324,False,,false,Riziel C. Garcia
,5,Microsoft Office Word,,Normal.dotm,21,,,,,,2020-09-08T03:08:00Z,,,2021-04-29T06:41:00Z,4,txt/Commission on Appointments/summary.txt,0,5,11190,1576,false,2021-05-21T00:41:00Z,0,COA - Commission On Appointments,10863,77,,,,,pdfs/Commission on Appointments/03-CA2020_Executive_Summary.docx,false,false,,Executive Summary,application/docx,15.0000,9308,False,,false,Maggie D. Abando
,4,Microsoft Office Word,,Normal,146,,,,,,2021-05-26T05:17:00Z,,,2021-05-25T12:53:00Z,4,txt/House of Representatives Electoral Tribunal/summary.txt,0,5,9454,1351,false,2021-06-02T09:02:00Z,0,COA -  House of Representatives Electoral Tribunal,9068,280,,,,,pdfs/House of Representatives Electoral Tribunal/03-HRET2020_Executive_Summary.docx,false,false,,Executive Summary,application/docx,15.0000,7863,False,,false,Riziel C. Garcia
,18,Microsoft Office Word,,Normal,19,,,,,,,,,2021-04-15T08:24:00Z,11,txt/Senate Electoral Tribunal/summary.txt,0,5,9838,1435,false,2021-05-06T06:24:00Z,0,COA - Senate Electoral Tribunal,9597,68,,,,,pdfs/Senate Electoral Tribunal/03-SET2020_Executive_Summary.docx,false,false,,Executive Summary,application/docx,15.0000,8181,False,,false,Mario B. Bacoco
,0,Microsoft Office Word,,Normal.dotm,22,,,,,,2019-07-01T07:30:00Z,,,2021-08-21T11:28:00Z,2,txt/Senate of the Philippines/summary.txt,0,3,11738,1708,false,2021-08-21T11:28:00Z,0,COA - Senate of the Philippines,11422,81,,,,,pdfs/Senate of the Philippines/03-SENATE2020_Executive_Summary.docx,false,false,,Executive Summary,application/docx,16.0000,9736,True,,false,user
,968,Microsoft Office Word,,Normal,92,,,,,,2021-08-06T02:38:00Z,,,2021-06-06T08:12:00Z,90,txt/National Commission on Indigenous Peoples/summary.txt,0,23,47520,7216,false,2021-08-06T02:40:00Z,0,COA - National Commission on Indigenous Peoples,46358,326,,,,,pdfs/National Commission on Indigenous Peoples/03-NCIP2020_Executive_Summary.docx,false,false,,Executive Summary,application/docx,15.0000,39234,False,,false,Jayson L. Gabat
,2,Microsoft Office Word,,Normal,19,,,,,,2021-08-06T06:42:00Z,,,2021-07-26T11:38:00Z,4,txt/Office of the Presidential Adviser on the Peace Process/summary.txt,0,5,10053,1397,false,2021-08-06T06:43:00Z,0,COA - Office of the Presidential Adviser on the Peace Process,9738,69,,,,,pdfs/Office of the Presidential Adviser on the Peace Process/03-OPAPP2020_Executive_Summary.docx,false,false,,Executive Summary,application/docx,15.0000,8360,False,,false,Jayson L. Gabat
,227,Microsoft Office Word,,Normal,26,,,,,,2021-04-16T14:30:00Z,,,2020-07-30T04:04:00Z,72,txt/Abra State Institute of Sciences and Technology/summary.txt,0,6,13880,2017,false,2021-04-30T09:49:00Z,0,"COA - Abra State Institute of Sciences and Technology, CAR",13490,95,,,,,pdfs/Abra State Institute of Sciences and Technology/04-ASIST2020_Executive_Summary.docx,false,false,,Executive Summary,application/docx,15.0000,11499,False,,false,COA
,2,Microsoft Office Word,,Normal,17,,,,,,2020-07-20T05:36:00Z,,,2021-04-19T08:10:00Z,9,txt/Apayao State College/summary.txt,0,4,9305,1342,false,2021-04-30T09:03:00Z,0,"COA - Apayao State College, CAR",8977,63,,,,,pdfs/Apayao State College/04-ASC2020_Executive_Summary.docx,false,false,,Executive Summary,application/docx,15.0000,7652,False,,false,COA
,0,Microsoft Office Word,,Normal.dotm,18,,,,,,2021-04-15T03:10:00Z,,,2021-08-21T11:28:00Z,2,txt/Benguet State University/summary.txt,0,3,9820,1417,false,2021-08-21T11:28:00Z,0,"COA - Benguet State University, CAR",9476,67,,,,,pdfs/Benguet State University/03-BSU2020_Executive_Summary.docx,false,false,,Executive Summary,application/docx,16.0000,8077,True,,false,user
,273,Microsoft Office Word,,Normal,21,,,,,,2021-03-24T04:19:00Z,,,2021-03-12T23:44:00Z,30,txt/Ifugao State University/summary.txt,0,5,11081,1600,false,2021-04-21T05:24:00Z,0,COA - Ifugao State University,10704,76,,,,,pdfs/Ifugao State University/04-IFSU2020_Executive_Summary.docx,false,false,,Executive Summary,application/docx,15.0000,9125,False,,false,Mario B. Bacoco
,4,Microsoft Office Word,,Normal,15,,,,,,2021-04-23T06:42:00Z,,,2021-04-20T02:14:00Z,4,txt/Kalinga State University/summary.txt,0,4,8255,1192,false,2021-04-23T06:43:00Z,0,"COA - Kalinga State University, CAR",7977,56,,,,,pdfs/Kalinga State University/03-KSU2020_Executive_Summary.docx,false,false,,Executive Summary,application/docx,15.0000,6800,False,,false,Jayson L. Gabat
,137,Microsoft Office Word,,Normal,14,,,,,,2021-03-05T07:41:00Z,,,2021-02-09T02:16:00Z,39,txt/Mountain Province State Polytechnic College/summary.txt,0,3,7724,1108,false,2021-04-21T05:56:00Z,0,COA - Mountain Province State Polytechnic College,7412,52,,,,,pdfs/Mountain Province State Polytechnic College/04-MPSPC2020_Executive_Summary.docx,false,false,,Executive Summary,application/docx,15.0000,6318,False,,false,Mario B. Bacoco
,30,Microsoft Office Word,,Normal,369,,,,,,2021-04-28T03:44:00Z,,,2021-05-07T03:43:00Z,7,txt/Don Mariano Marcos Memorial State University/summary.txt,0,1,193173,27642,false,2021-05-21T06:34:00Z,1,"COA - Don Mariano Marcos Memorial State University, La Union, Region 1",184835,1313,,,,,pdfs/Don Mariano Marcos Memorial State University/01-DMMMSU2020_Audit_Report.docx,false,false,,"Annual Audit Report on the Don Mariano Marcos Memorial State University, La Union, Region 1 for CY 2020",application/docx,16.0000,157562,False,,false,Mario B. Bacoco
,4,Microsoft Office Word,,Normal,288,,,,,,2021-05-10T02:55:00Z,,,2021-05-20T05:36:00Z,5,txt/Mariano Marcos State University/summary.txt,0,93,151364,21588,false,2021-05-25T07:48:00Z,1,"COA - Mariano Marcos State University, City of Batac, Ilocos Norte, Region I",144356,1025,,,,,pdfs/Mariano Marcos State University/01-MMSU2020_Audit_Report.docx,false,false,,"Annual Audit Report on the Mariano Marcos State University, Batac, Ilocos Norte for CY 2020",application/docx,15.0000,123056,False,,false,Mario B. Bacoco
,2,Microsoft Office Word,,Normal,19,,,,,,2021-05-04T07:59:00Z,,,2021-05-24T02:17:00Z,4,txt/Pangasinan State University/summary.txt,0,5,9942,1434,false,2021-05-25T08:06:00Z,0,"COA - Pangasinan State University, Lingayen, Pangasinan, Region I",9591,68,,,,,pdfs/Pangasinan State University/04-PSU2020_Executive_Summary.docx,false,false,,Executive Summary,application/docx,15.0000,8176,False,,false,Mario B. Bacoco
,40,Microsoft Office Word,,Normal,21,,,,,,2021-06-09T05:22:00Z,,,2021-04-21T13:42:00Z,13,txt/Batanes State College/summary.txt,0,5,11038,1605,false,2021-06-09T05:23:00Z,0,"COA - Batanes State College, Region 2",10735,76,,,,,pdfs/Batanes State College/03-BSC2020_Executive_Summary.docx,false,false,,Executive Summary,application/docx,15.0000,9151,False,,false,Jayson L. Gabat
,3,Microsoft Office Word,,Normal,17,,,,,,2021-05-16T07:18:00Z,,,2021-05-16T07:19:00Z,8,txt/Cagayan State University/summary.txt,0,4,8949,1297,false,2021-06-15T10:18:00Z,0,"COA - Cagayan State University, Region 2",8675,61,,,,,pdfs/Cagayan State University/03-CSU2020_Executive_Summary.docx,false,false,,Executive Summary,application/docx,15.0000,7395,False,,false,COA
,37,Microsoft Office Word,,Normal,22,,,,,,2021-04-28T04:05:00Z,,,2021-04-23T04:52:00Z,11,txt/Isabela State University/summary.txt,0,5,11322,1661,false,2021-06-15T14:34:00Z,0,"COA - Isabela State University, Region 2",11109,78,,,,,pdfs/Isabela State University/03-ISU2020_Executive_Summary.docx,false,false,,Executive Summary,application/docx,15.0000,9470,False,,false,COA
,38,Microsoft Office Word,,Normal,167,,,,,,2021-05-25T07:05:00Z,,,2021-04-30T04:59:00Z,21,txt/Nueva Vizcaya State University/summary.txt,0,5,10121,1447,false,2021-06-18T02:45:00Z,0,"COA - Nueva Vizcaya State University, Region 2",9735,301,,,,,pdfs/Nueva Vizcaya State University/03_NVSU2020_Executive_Summary.docx,false,false,,Executive Summary,application/docx,15.0000,8455,False,,false,"Ben A. Lazo, Jr."
,65,Microsoft Office Word,,Normal,26,,,,,,2021-03-29T01:58:00Z,,,2021-04-08T06:37:00Z,33,txt/Quirino State University/summary.txt,0,7,13798,1994,false,2021-06-18T04:57:00Z,0,"COA - Quirino State University, Region 2",13339,94,,,,,pdfs/Quirino State University/03_QSU2020_Executive_Summary.docx,false,false,,Executive Summary,application/docx,15.0000,11371,False,,false,"Ben A. Lazo, Jr."
,223,Microsoft Office Word,,Normal,26,,,,,,2021-06-10T02:12:00Z,,,2020-06-11T00:23:00Z,2,txt/Aurora State College of Technology/summary.txt,0,6,13801,2007,false,2021-06-29T01:34:00Z,0,"COA - Aurora State College of Technology, Baler, Region 3",13427,95,,,,,pdfs/Aurora State College of Technology/03-ASCOT2020_Executive_Summary.docx,false,false,,Executive Summary,application/docx,15.0000,11446,False,,false,COA
,138,Microsoft Office Word,,Normal,32,,,,,,2021-04-06T06:42:00Z,,,2021-03-28T13:24:00Z,3,txt/Bataan Peninsula State University/summary.txt,0,7,16630,2390,false,2021-04-21T03:54:00Z,0,"COA - Bataan Peninsula State University, Region 3",16152,114,,,,,pdfs/Bataan Peninsula State University/03-BPSU2020_Executive_Summary.docx,false,false,,Executive Summary,application/docx,15.0000,13794,False,,false,Riziel C. Garcia
,3,Microsoft Office Word,,Normal,30,,,,,,2021-05-19T06:10:00Z,,,2021-06-10T05:39:00Z,2,txt/Bulacan Agricultural State College/summary.txt,0,7,15995,2312,false,2021-06-29T02:19:00Z,0,"COA - Bulacan Agricultural State College, Region 3",15463,109,,,,,pdfs/Bulacan Agricultural State College/03-BASC2020_Executive_Summary.docx,false,false,,Executive Summary,application/docx,15.0000,13181,False,,false,COA
,20,Microsoft Office Word,,Normal,28,,,,,,2021-02-26T05:08:00Z,,,2021-05-17T01:07:00Z,2,txt/Bulacan State University/summary.txt,0,6,14789,2119,false,2021-06-09T03:28:00Z,0,"COA - Bulacan State University, Region 3",14170,100,,,,,pdfs/Bulacan State University/04-BulSU2020_Executive_Summary.docx,false,false,,Executive Summary,application/docx,15.0000,12079,False,,false,"Ben A. Lazo, Jr."
,208,Microsoft Office Word,,Normal,24,,,,,,2021-04-16T07:29:00Z,,,2021-03-30T03:17:00Z,2,txt/Don Honorio Ventura State University/summary.txt,0,5,12716,1846,false,2021-04-16T07:31:00Z,0,"COA - Don Honorio Ventura State University, Region 3",12346,87,,,,,pdfs/Don Honorio Ventura State University/03-DHVSU2020_Executive_Summary.docx,false,false,,Executive Summary,application/docx,15.0000,10524,False,,false,Jayson L. Gabat
,14,Microsoft Office Word,,Normal,30,,,,,,2021-06-07T00:21:00Z,,,2021-05-20T02:14:00Z,2,txt/Central Luzon State University/summary.txt,0,6,15677,2290,false,2021-06-07T00:27:00Z,0,"COA - Central Luzon State University, Region 3",15316,108,,,,,pdfs/Central Luzon State University/03-CLSU2020_Executive_Summary.docx,false,false,,Executive Summary,application/docx,15.0000,13056,False,,false,Jayson L. Gabat
0,7,Microsoft Office Word,,Normal,29,0,,,,,2021-05-12T03:51:00Z,,,2021-05-11T06:11:00Z,2,txt/Nueva Ecija University of Science and Technology/summary.txt,0,6,15394,2235,false,2021-05-12T03:53:00Z,0,"COA - Nueva Ecija University of Science and Technology, Region 3",14950,106,,,0,0,pdfs/Nueva Ecija University of Science and Technology/03-NEUST2020_Executive_Summary.docx,false,false,,Executive Summary,application/docx,15.0000,12744,False,,false,Jayson L. Gabat
,2,Microsoft Office Word,,Normal,33,,,,,,2021-02-25T09:04:00Z,,,2021-05-25T01:43:00Z,2,txt/Pampanga State Agricultural University/summary.txt,0,8,17472,2531,false,2021-06-09T04:40:00Z,0,"COA - Pampanga State Agricultural University, Region 3",16931,120,,,,,pdfs/Pampanga State Agricultural University/03-PSAU2020_Executive_Summary.docx,false,false,,Executive Summary,application/docx,15.0000,14433,False,,false,"Ben A. Lazo, Jr."
,8,Microsoft Office Word,,Normal,30,,,,,,2021-04-12T08:50:00Z,,,2021-04-13T06:50:00Z,3,txt/Philippine Merchant Marine Academy/summary.txt,0,6,15547,2273,false,2021-04-16T05:24:00Z,0,COA - Philippine Merchant Marine Academy,15201,107,,,,,pdfs/Philippine Merchant Marine Academy/03-PMMA2020_Executive_Summary.docx,false,false,,Executive Summary,application/docx,15.0000,12958,False,,false,"Ben A. Lazo, Jr."
,7,Microsoft Office Word,,Normal,32,,,,,,2021-06-29T04:47:00Z,,,2021-06-21T04:31:00Z,4,txt/President Ramon Magsaysay State University/summary.txt,0,6,16672,2445,false,2021-06-29T04:49:00Z,0,"COA - President Ramon Magsaysay State University, Region 3",16351,116,,,,,pdfs/President Ramon Magsaysay State University/03-PRMSU2020_Executive_Summary.docx,false,false,,Executive Summary,application/docx,15.0000,13938,False,,false,COA
,1,Microsoft Office Word,,Normal,20,,,,,,2021-06-07T07:48:00Z,,,2021-06-03T02:46:00Z,2,txt/Tarlac Agricultural University/summary.txt,0,5,10476,1519,false,2021-06-07T07:48:00Z,0,"COA - Tarlac Agricultural University, Region 3",10163,72,,,,,pdfs/Tarlac Agricultural University/03-TAU2020_Executive_Summary.docx,false,false,,Executive Summary,application/docx,15.0000,8664,False,,false,Jayson L. Gabat
0,1,Microsoft Office Word,,Normal,25,0,,,,,2020-02-25T16:50:00Z,,,2021-06-22T05:19:00Z,3,txt/Tarlac State University/summary.txt,0,5,13283,1943,false,2021-06-24T03:23:00Z,0,"COA - Tarlac State University, Region 3",12994,92,,,0,0,pdfs/Tarlac State University/03-TSU2020_Executive_Summary.docx,false,false,,Executive Summary,application/docx,15.0000,11076,False,,false,Mario B. Bacoco
,0,Microsoft Office Word,,Normal.dotm,28,,,,,,2021-04-26T10:23:00Z,,,2021-08-21T11:28:00Z,2,txt/Marinduque State College/summary.txt,0,3,14985,2161,false,2021-08-21T11:28:00Z,0,"COA - Marinduque State College, Region 4B",14455,102,,,,,pdfs/Marinduque State College/04-MSC2020_Executive_Summary.docx,false,false,,Executive Summary,application/docx,16.0000,12322,True,,false,user
,146,Microsoft Office Word,,Normal,44,,,,,,2021-04-20T10:32:00Z,,,2021-04-20T10:33:00Z,9,txt/Mindoro State College of Agriculture and Technology/summary.txt,0,9,22564,3329,false,2021-05-05T06:41:00Z,0,"COA - Mindoro State College of Agriculture and Technology, Region 4B",22263,158,,,,,pdfs/Mindoro State College of Agriculture and Technology/04-MinSCAT2020_Executive_Summary.docx,false,false,,Executive Summary,application/docx,15.0000,18978,False,,false,"Ben A. Lazo, Jr."
,540,Microsoft Office Word,,Normal,26,,,,,,2021-04-14T06:11:00Z,,,2019-04-11T06:16:00Z,54,txt/Occidental Mindoro State College/summary.txt,0,6,13583,1997,false,2021-05-06T00:27:00Z,0,"COA - Occidental Mindoro State College, Region 4B",13357,94,,,,,pdfs/Occidental Mindoro State College/02-OMSC2020_Executive_Summary.docx,false,false,,Executive Summary,application/docx,15.0000,11386,False,,false,"Ben A. Lazo, Jr."
,0,Microsoft Office Word,,Normal.dotm,41,,,,,,2018-04-03T02:48:00Z,,,2021-08-21T11:28:00Z,2,txt/Palawan State University/summary.txt,0,3,21004,3080,false,2021-08-21T11:28:00Z,0,"COA - Palawan State University, Region 4B",20599,146,,,,,pdfs/Palawan State University/05-PSU2020_Executive_Summary.docx,false,false,,Executive Summary,application/docx,16.0000,17560,True,,false,user
,410,Microsoft Office Word,,Normal,24,,,,,,2021-04-10T11:53:00Z,,,2021-03-31T21:41:00Z,49,txt/Western Philippines University/summary.txt,0,5,12338,1815,false,2021-05-06T04:43:00Z,0,"COA - Western Philippines University, Region 4B",12140,86,,,,,pdfs/Western Philippines University/05-WPU2020_ Executive_Summary.docx,false,false,,Executive Summary,application/docx,15.0000,10349,False,,false,"Ben A. Lazo, Jr."
,0,Microsoft Office Word,,Normal.dotm,33,,,,,,2021-07-22T01:25:00Z,,,2021-08-21T11:28:00Z,2,txt/Bicol State College of Applied Sciences and Technology/summary.txt,0,3,17621,2534,false,2021-08-21T11:28:00Z,0,"COA - Bicol State College of Applied Sciences and Technology, Region 5",16946,120,,,,,pdfs/Bicol State College of Applied Sciences and Technology/03-BISCAST2020_Executive_Summary.docx,false,false,,Executive Summary,application/docx,16.0000,14445,True,,false,user
,0,Microsoft Office Word,,Normal.dotm,55,,,,,,2021-07-26T03:57:00Z,,,2021-08-21T11:28:00Z,2,txt/Bicol University/summary.txt,0,3,28860,4162,false,2021-08-21T11:28:00Z,0,"COA - Bicol University, Region 5",27835,197,,,,,pdfs/Bicol University/03-BicolUniversity2020_Executive_Summary.docx,false,false,,Executive Summary,application/docx,16.0000,23728,True,,false,user
,86,Microsoft Office Word,,Normal,36,,,,,,2021-05-05T02:48:00Z,,,2021-03-26T02:35:00Z,18,txt/Camarines Norte State College/summary.txt,0,9,18819,2704,false,2021-05-28T06:07:00Z,0,"COA - Camarines Norte State College, Region 5",18087,128,,,,,pdfs/Camarines Norte State College/03-CNSC2020_Executive_Summary.docx,false,false,,Executive Summary,application/docx,15.0000,15419,False,,false,"Ben A. Lazo, Jr."
,0,Microsoft Office Word,,Normal.dotm,32,,,,,,2021-07-22T01:46:00Z,,,2021-08-21T11:28:00Z,2,txt/Camarines Sur Polytechnic Colleges/summary.txt,0,3,16713,2411,false,2021-08-21T11:28:00Z,0,"COA - Camarines Sur Polytechnic Colleges, Region 5",16128,114,,,,,pdfs/Camarines Sur Polytechnic Colleges/03-CSPC2020_Executive_Summary.docx,false,false,,Executive Summary,application/docx,16.0000,13749,True,,false,user
,175,Microsoft Office Word,,Normal,58,,,,,,2021-06-21T01:29:00Z,,,2021-05-11T09:11:00Z,22,txt/Central Bicol State University of Agriculture/summary.txt,0,14,30512,4377,false,2021-07-19T00:07:00Z,0,"COA - Central Bicol State University of Agriculture, Region 5",29272,207,,,,,pdfs/Central Bicol State University of Agriculture/03-CBSUA2020_Executive_Summary.docx,false,false,,Executive Summary,application/docx,15.0000,24953,False,,false,"Ben A. Lazo, Jr."
,0,Microsoft Office Word,,Normal.dotm,26,,,,,,2021-05-24T07:19:00Z,,,2021-08-21T11:28:00Z,2,txt/Partido State University/summary.txt,0,3,13572,1947,false,2021-08-21T11:28:00Z,0,"COA - Partido State University, Region 5",13022,92,,,,,pdfs/Partido State University/03-PSU2020_Executive_Summary.docx,false,false,,Executive Summary,application/docx,16.0000,11101,True,,false,user
,1210,Microsoft Office Word,,Normal,33,,,,,,2021-05-17T02:22:00Z,,,2020-03-02T06:11:00Z,147,txt/Sorsogon State College/summary.txt,0,8,17238,2493,false,2021-07-16T07:39:00Z,0,"COA - Sorsogon State College, Region 5",16676,118,,,,,pdfs/Sorsogon State College/03-SSC2020_Executive_Summary.docx,false,false,,Executive Summary,application/docx,15.0000,14216,False,,false,Riziel C. Garcia
,4,Microsoft Office Word,,Normal,23,,,,,,2021-05-24T01:24:00Z,,,2021-06-10T00:58:00Z,4,txt/Aklan State University/summary.txt,0,5,12434,1775,false,2021-06-15T02:11:00Z,0,"COA - Aklan State University, Region 6",11870,84,,,,,pdfs/Aklan State University/03-ASU2020_Executive_Summary.docx,false,false,,Executive Summary,application/docx,15.0000,10118,False,,false,COA
,1,Microsoft Office Word,,Normal,30,,,,,,2021-02-25T15:09:00Z,,,2021-06-24T03:50:00Z,5,txt/Capiz State University/summary.txt,0,6,15417,2267,false,2021-06-28T01:00:00Z,0,"COA - Capiz State University, Region 6",15163,107,,,,,pdfs/Capiz State University/03-CAPSU2020_Executive_Summary.docx,false,false,,Executive Summary,application/docx,15.0000,12926,False,,false,COA
,823,Microsoft Office Word,,Normal,23,,,,,,2021-02-26T08:02:00Z,,,2021-05-22T17:19:00Z,44,txt/Guimaras State College/summary.txt,0,5,12089,1700,false,2021-07-02T05:59:00Z,0,"COA-Guimaras State College, Region 6",11685,83,,,,,pdfs/Guimaras State College/03-GSC2020_Executive_Summary.docx,false,false,,Executive Summary,application/docx,15.0000,10008,False,,false,"Ben A. Lazo, Jr."
,706,Microsoft Office Word,,Normal,22,,,,,,2021-06-27T22:50:00Z,,,2021-06-20T23:34:00Z,30,txt/Iloilo Science and Technology University/summary.txt,0,5,11936,1620,false,2021-07-02T06:42:00Z,0,"COA-Iloilo Science and Technology University, Region 6",11461,82,,,,,pdfs/Iloilo Science and Technology University/03-ISATU2020_Executive_Summary.docx,false,false,,Executive Summary,application/docx,15.0000,9863,False,,false,"Ben A. Lazo, Jr."
,0,Microsoft Office Word,,Normal.dotm,22,,,,,,2021-06-07T01:00:00Z,,,2021-08-21T11:28:00Z,2,txt/Iloilo State College of Fisheries/summary.txt,0,3,11332,1653,false,2021-08-21T11:28:00Z,0,"COA - Iloilo State College of Fisheries, Region 6",11055,78,,,,,pdfs/Iloilo State College of Fisheries/04-ISCOF2020_Executive_Summary.docx,false,false,,Executive Summary,application/docx,16.0000,9424,True,,false,user
,0,Microsoft Office Word,,Normal.dotm,23,,,,,,2021-06-23T07:44:00Z,,,2021-08-21T11:28:00Z,2,txt/Northern Iloilo Polytechnic State College/summary.txt,0,3,12020,1729,false,2021-08-21T11:28:00Z,0,"COA - Northern Iloilo Polytechnic State College, Region 6",11566,82,,,,,pdfs/Northern Iloilo Polytechnic State College/03-NIPSC2020_Executive_Summary.docx,false,false,,Executive Summary,application/docx,16.0000,9860,True,,false,user
,2,Microsoft Office Word,,Normal,27,,,,,,2021-06-03T05:41:00Z,,,2021-06-23T03:41:00Z,16,txt/West Visayas State University/summary.txt,0,5,14083,2035,false,2021-06-24T10:10:00Z,0,"COA - West Visayas State University and Medical Center, Region 6",13614,96,,,,,pdfs/West Visayas State University/04-WVSU2020_Executive_Summary.docx,false,false,,Executive Summary,application/docx,15.0000,11606,False,,false,Riziel C. Garcia
,0,Microsoft Office Word,,Normal,20,,,,,,2021-06-25T04:29:00Z,,,2021-06-29T07:24:00Z,3,txt/University of Antique/summary.txt,0,5,10779,1546,false,2021-07-01T01:16:00Z,0,"COA - University of Antique, Region 6",10344,73,,,,,pdfs/University of Antique/04-UA2020_Executive_Summary.docx,false,false,,Executive Summary,application/docx,15.0000,8818,False,,false,"Ben A. Lazo, Jr."
,8,Microsoft Office Word,,Normal,18,,,,,,2020-06-28T11:16:00Z,,,2021-06-15T03:35:00Z,11,txt/Bohol Island State University/summary.txt,0,5,9714,1405,false,2021-07-14T07:27:00Z,0,"COA - Bohol Island State University, Region VII",9396,66,,,,,pdfs/Bohol Island State University/03-BISU2020_Executive _Summary.docx,false,false,,Executive Summary,application/docx,15.0000,8009,False,,false,"Ben A. Lazo, Jr."
,6,Microsoft Office Word,,Normal,18,,,,,,2019-06-21T07:10:00Z,,,2021-06-18T08:00:00Z,7,txt/Cebu Normal University/summary.txt,0,5,9390,1361,false,2021-07-14T07:46:00Z,0,"COA - Cebu Normal University, Region VII",9101,64,,,,,pdfs/Cebu Normal University/03-CNU2020_Executive_Summary.docx,false,false,,Executive Summary,application/docx,15.0000,7758,False,,false,"Ben A. Lazo, Jr."
,13,Microsoft Office Word,,Normal,18,,,,,,2020-06-27T10:41:00Z,,,2021-06-14T08:45:00Z,11,txt/Cebu Technological University/summary.txt,0,5,9660,1382,false,2021-07-14T08:03:00Z,0,"COA - Cebu Technological University, Region VII",9242,65,,,,,pdfs/Cebu Technological University/03-CTU2020_Executive _Summary.docx,false,false,,Executive Summary,application/docx,15.0000,7878,False,,false,"Ben A. Lazo, Jr."
,0,Microsoft Office Word,,Normal,25,,,,,,,,,2021-08-12T04:52:00Z,1,txt/Eastern Visayas State University/summary.txt,0,6,13342,1929,false,2021-08-12T06:50:00Z,0,,12901,91,,,,,pdfs/Eastern Visayas State University/03-EVSU2020_Executive_Summary.docx,false,false,,Executive Summary,application/docx,15.0000,10997,False,,false,
,4,Microsoft Office Word,,Normal,257,,,,,,2021-05-26T08:07:00Z,,,2021-06-04T06:38:00Z,6,txt/Palompon Institute of Technology/summary.txt,0,99,131463,19245,false,2021-06-11T06:03:00Z,1,"COA - Palompon Institute of Technology, Region 8",128691,914,,,,,pdfs/Palompon Institute of Technology/PIT2020_Audit_Report.docx,false,false,,"Annual Audit Report on the Palompon Institute of Technology, Region 8 for CY 2020",application/docx,15.0000,109703,False,,false,Jayson L. Gabat
,5,Microsoft Office Word,,Normal,14,,,,,,2021-08-12T07:22:00Z,,,2021-08-11T07:06:00Z,4,txt/Samar State University/summary.txt,0,4,7636,1115,false,2021-08-12T07:24:00Z,0,"COA - Samar State University, Region 8",7461,53,,,,,pdfs/Samar State University/04-SSU2020_Executive_Summary.docx,false,false,,Executive Summary,application/docx,15.0000,6360,False,,false,Jayson L. Gabat
,4,Microsoft Office Word,,Normal,34,,,,,,2021-06-25T02:58:00Z,,,2021-07-12T10:06:00Z,5,txt/Southern Leyte State University/summary.txt,0,8,17551,2554,false,2021-07-21T02:04:00Z,0,"COA - Southern Leyte State University, Region 8",17082,121,,,,,pdfs/Southern Leyte State University/03_SLSU2020_Executive_Summary.docx,false,false,,Executive Summary,application/docx,15.0000,14562,False,,false,"Ben A. Lazo, Jr."
,1,Microsoft Office Word,,Normal,27,,,,,,2021-06-03T02:55:00Z,,,2021-07-14T09:19:00Z,4,txt/University of Eastern Philippines/summary.txt,0,7,14273,2081,false,2021-07-21T02:57:00Z,0,"COA - University of Eastern Philippines, Region 8",13918,98,,,,,pdfs/University of Eastern Philippines/03_UEP2020_ Executive_Summary.docx,false,false,,Executive Summary,application/docx,15.0000,11864,False,,false,"Ben A. Lazo, Jr."
,2,Microsoft Office Word,,Normal,31,,,,,,2020-07-18T08:28:00Z,,,2021-07-14T09:27:00Z,4,txt/Visayas State University/summary.txt,0,8,16193,2359,false,2021-07-21T01:01:00Z,0,"COA - Visayas State University, Region 8",15778,112,,,,,pdfs/Visayas State University/03_VSU2020_Executive_Summary.docx,false,false,,Executive Summary,application/docx,15.0000,13450,False,,false,"Ben A. Lazo, Jr."
,0,Microsoft Office Word,,Normal.dotm,28,,,,,,2021-07-30T05:14:00Z,,,2021-08-21T11:28:00Z,2,txt/Jose Rizal Memorial State University/summary.txt,0,3,14676,2148,false,2021-08-21T11:28:00Z,0,"COA - Jose Rizal Memorial State University System, Region 9",14364,102,,,,,pdfs/Jose Rizal Memorial State University/04-JRMSU2020_Executive_Summary.docx,false,false,,Executive Summary,application/docx,16.0000,12244,True,,false,user
,0,Microsoft Office Word,,Normal.dotm,15,,,,,,2021-07-30T02:12:00Z,,,2021-08-21T11:28:00Z,2,txt/Western Mindanao State University/summary.txt,0,3,8183,1191,false,2021-08-21T11:28:00Z,0,"COA - Western Mindanao State University, Region 9",7971,56,,,,,pdfs/Western Mindanao State University/05-WMSU2020_Executive_Summary.docx,false,false,,Executive Summary,application/docx,16.0000,6795,True,,false,user
,77,Microsoft Office Word,,Normal,21,,,,,,,,,2021-07-13T10:58:00Z,14,txt/Zamboanga State College of Marine Sciences and Technology/summary.txt,0,4,10919,1578,false,2021-08-06T00:27:00Z,0,"COA - Zamboanga State College of Marine Sciences and Technology, Region 9",10556,74,,,,,pdfs/Zamboanga State College of Marine Sciences and Technology/04-ZSCMST2020_Executive_Summary.docx,false,false,,Executive Summary,application/docx,15.0000,8999,False,,false,Mario B. Bacoco
,8,Microsoft Office Word,,Normal,504,,,,,,2021-03-24T02:28:00Z,,,2021-04-15T01:48:00Z,4,txt/Bukidnon State University/summary.txt,0,127,264659,37707,false,2021-04-22T05:57:00Z,1,"COA - Bukidnon State University, Region 10",252136,1791,,,,,pdfs/Bukidnon State University/BSU2020_Audit_Report.docx,false,false,,"Annual Audit Report on the Bukidnon State University, Region 10 for CY 2020",application/docx,15.0000,214933,False,,false,Jayson L. Gabat
,19,Microsoft Office Word,,Normal,195,,,,,,2021-03-26T16:55:00Z,,,2021-04-07T23:55:00Z,4,txt/Camiguin Polytechnic State College/summary.txt,0,77,103301,14644,false,2021-04-14T05:54:00Z,1,"COA - Camiguin Polytechnic State College, Region 10",97926,695,,,,,pdfs/Camiguin Polytechnic State College/CPSC2020_Audit_Report.docx,false,false,,"Annual Audit Report on the Camiguin Polytechnic State College, Balbagon, Mambajao, Camiguin for CY 2020",application/docx,15.0000,83477,False,,false,Jayson L. Gabat
,19,Microsoft Office Word,,Normal,677,,,,,,2021-04-22T06:16:00Z,,,2021-04-15T03:07:00Z,7,txt/Central Mindanao University/summary.txt,0,174,355217,50684,false,2021-04-22T06:22:00Z,1,"COA - Central Mindanao University, Region 10",338911,2407,,,,,pdfs/Central Mindanao University/CMU2020_Audit_Report.docx,false,false,,"Annual Audit Report on the Central Mindanao University, Region 10 for CY 2020",application/docx,15.0000,288904,False,,false,Jayson L. Gabat
,313,Microsoft Office Word,,Normal,610,,,,,,2021-03-26T20:26:00Z,,,2021-04-15T01:28:00Z,121,txt/Mindanao State University - Iligan Institute of Technology/summary.txt,0,169,320929,45615,false,2021-04-22T06:35:00Z,1,"COA - Mindanao State University - Iligan Institute of Technology, Region 10",305016,2166,,,,,pdfs/Mindanao State University - Iligan Institute of Technology/MSU-IIT2020_Audit_Report.docx,false,false,,"Annual Audit Report on the Mindanao State University - Iligan Institute of Technology, Region 10 for CY 2020",application/docx,15.0000,260011,False,,false,Jayson L. Gabat
,18,Microsoft Office Word,,Normal,619,,,,,,2021-03-24T05:50:00Z,,,2021-04-15T01:34:00Z,9,txt/Mindanao State University - Naawan/summary.txt,0,188,329013,46292,false,2021-04-22T06:49:00Z,1,"COA - Mindanao State University - Naawan, Region 10",309541,2198,,,,,pdfs/Mindanao State University - Naawan/MSU-Naawan2020_Audit_Report.docx,false,false,,"Annual Audit Report on the Mindanao State University - Naawan, Region 10 for CY 2020",application/docx,15.0000,263868,False,,false,Jayson L. Gabat
,3931,Microsoft Office Word,,Normal,474,,,,,,2021-03-17T06:43:00Z,,,2019-05-29T08:49:00Z,589,txt/Northwestern Mindanao State College of Science and Technology/summary.txt,0,127,247347,35488,false,2021-04-22T07:07:00Z,1,"COA - Northwestern Mindanao State College of Science and Technology, Region 10",237296,1685,,,,,pdfs/Northwestern Mindanao State College of Science and Technology/NMSCST2020_Audit_Report.docx,false,false,,"Annual Audit Report on the Northwestern Mindanao State College of Science and Technology, Region 10 for CY 2020",application/docx,15.0000,202282,False,,false,Jayson L. Gabat
,22,Microsoft Office Word,,Normal,217,,,,,,2021-04-14T07:17:00Z,,,2021-04-08T00:16:00Z,15,txt/University of Science and Technology of Southern Philippines - Claveria Campus/summary.txt,0,109,115247,16294,false,2021-04-14T07:19:00Z,1,"COA - University of Science and Technology of Southern Philippines Claveria Campus, Region 10",108957,774,,,,,pdfs/University of Science and Technology of Southern Philippines - Claveria Campus/USTsPClaveria2020_Audit_Report.docx,false,false,,"Annual Audit Report on the University of Science and Technology of Southern Philippines Claveria Campus, Misamis Oriental for CY 2020",application/docx,15.0000,92880,False,,false,Jayson L. Gabat
,39,Microsoft Office Word,,Normal,325,,,,,,2021-03-26T07:55:00Z,,,2021-04-07T23:56:00Z,16,txt/University of Science and Technology of Southern Philippines - Main Campus/summary.txt,0,116,169735,24339,false,2021-04-14T06:49:00Z,1,"COA - University of Science and Technology of Southern Philippines Cagayan de Oro Campus, Region 10",162750,1156,,,,,pdfs/University of Science and Technology of Southern Philippines - Main Campus/USTsPCagayandeOro2020_Audit_Report.docx,false,false,,"Annual Audit Report on the University of Science and Technology of Southern Philippines Cagayan de Oro Campus, Cagayan de Oro City for CY 2020",application/docx,15.0000,138736,False,,false,Jayson L. Gabat
,481,Microsoft Office Word,,Normal,23,,,,,,2017-06-30T01:11:00Z,,,2019-05-20T01:09:00Z,136,txt/Davao Oriental State College of Science and Technology/summary.txt,0,5,12416,1757,false,2021-04-30T01:39:00Z,0,"COA - Davao Oriental State College of Science and Technology, Region 11",11755,83,,,,,pdfs/Davao Oriental State College of Science and Technology/03-DOSCST2020_Executive_Summary.docx,false,false,,Executive Summary,application/docx,15.0000,10021,False,,false,Mario B. Bacoco
,1,Microsoft Office Word,,Normal,19,,,,,,,,,2021-04-23T03:37:00Z,5,txt/University of Southeastern Philippines/summary.txt,0,5,10200,1475,false,2021-04-30T05:56:00Z,0,"COA - University of Southeastern Philippines, Region 11",9864,70,,,,,pdfs/University of Southeastern Philippines/03-USEP2020_Executive_Summary.docx,false,false,,Executive Summary,application/docx,15.0000,8408,False,,false,Mario B. Bacoco
,36,Microsoft Office Word,,Normal,39,,,,,,2021-04-21T14:38:00Z,,,2021-03-25T08:57:00Z,29,txt/Surigao del Sur State University/summary.txt,0,9,20201,2936,false,2021-04-30T06:18:00Z,0,"COA - Surigao del Sur State University, Region 13",19637,139,,,,,pdfs/Surigao del Sur State University/04-SDSSU2020_Executive_Summary.docx,false,false,,Executive Summary,application/docx,15.0000,16740,False,,false,"Ben A. Lazo, Jr."
,496,Microsoft Office Word,,Normal,23,,,,,,2021-06-23T06:37:00Z,,,2021-05-10T03:04:00Z,19,txt/Carlos Hilado Memorial State College/summary.txt,0,7,11970,1721,false,2021-06-23T06:44:00Z,0,"COA - Carlos A. Hilado Memorial State College, Region 16",11514,81,,,,,pdfs/Carlos Hilado Memorial State College/05-CHMSC2020_Executive_Summary.docx,false,false,,Executive Summary,application/docx,15.0000,9816,False,,false,Jayson L. Gabat
,5,Microsoft Office Word,,Normal,21,,,,,,2021-07-13T08:02:00Z,,,2021-07-05T02:21:00Z,3,txt/Central Philippines State University/summary.txt,0,6,11388,1525,false,2021-07-13T08:05:00Z,0,"COA - Central Philippines State University, Region 16",10936,78,,,,,pdfs/Central Philippines State University/06-CPSU2020_Executive_Summary.docx,false,false,,Executive Summary,application/docx,15.0000,9432,False,,false,Jayson L. Gabat
,18,Microsoft Office Word,,Normal,25,,,,,,2021-07-14T04:09:00Z,,,2021-06-29T15:35:00Z,7,txt/Negros Oriental State University/summary.txt,0,7,13311,1904,false,2021-07-14T04:13:00Z,0,"COA - Negros Oriental State University, Region 16",12738,90,,,,,pdfs/Negros Oriental State University/04-NORSU2020_Executive_Summary.docx,false,false,,Executive Summary,application/docx,15.0000,10859,False,,false,Jayson L. Gabat
,115,Microsoft Office Word,,Normal,22,,,,,,2021-07-13T02:11:00Z,,,2021-06-24T13:15:00Z,11,txt/Northern Negros State College of Science and Technology/summary.txt,0,7,11496,1650,false,2021-07-13T02:11:00Z,0,"COA - Northern Negros State College of Science and Technology, Region 16",11039,78,,,,,pdfs/Northern Negros State College of Science and Technology/06-NONESCOST2020_Executive_Summary.docx,false,false,,Executive Summary,application/docx,15.0000,9411,False,,false,Jayson L. Gabat
,35,Microsoft Office Word,,Normal,20,,,,,,2021-06-23T07:07:00Z,,,2021-05-27T12:55:00Z,11,txt/Siquijor State College/summary.txt,0,5,10420,1503,false,2021-06-23T07:07:00Z,0,"COA - Siquijor State College, Region 16",10055,71,,,,,pdfs/Siquijor State College/04-SSC2020_Executive_Summary.docx,false,false,,Executive Summary,application/docx,15.0000,8572,False,,false,Jayson L. Gabat
,5,Microsoft Office Word,,Normal.dotm,21,,,,,,2020-09-08T03:08:00Z,,,2021-04-29T06:41:00Z,4,txt/Court of Appeals/summary.txt,0,5,11190,1576,false,2021-05-21T00:41:00Z,0,COA - Commission On Appointments,10863,77,,,,,pdfs/Court of Appeals/03-CA2020_Executive_Summary.docx,false,false,,Executive Summary,application/docx,15.0000,9308,False,,false,Maggie D. Abando
,16,Microsoft Office Word,,Normal,12,,,,,,2021-07-12T11:26:00Z,,,2021-07-09T01:34:00Z,14,txt/Court of Tax Appeals/summary.txt,0,4,6676,962,false,2021-07-21T00:27:00Z,0,COA - Court of Tax Appeals,6435,45,,,,,pdfs/Court of Tax Appeals/03-CTA2020_Executive_Summary.docx,false,false,,Executive Summary,application/docx,15.0000,5485,False,,false,"Ben A. Lazo, Jr."
,8,Microsoft Office Word,,Normal,14,,,,,,2021-04-26T08:39:00Z,,,2021-04-27T05:29:00Z,7,txt/Presidential Electoral Tribunal/summary.txt,0,4,7545,1089,false,2021-05-11T05:45:00Z,0,COA - Presidential Electoral Tribunal,7287,51,,,,,pdfs/Presidential Electoral Tribunal/03-PET2020_Executive_Summary.docx,false,false,,Executive Summary,application/docx,15.0000,6212,False,,false,Riziel C. Garcia
,27,Microsoft Office Word,,Normal,20,,,,,,,,,2021-05-26T08:18:00Z,9,txt/Sandiganbayan/summary.txt,0,5,10530,1519,false,2021-06-03T05:13:00Z,0,COA - Sandiganbayan,10160,72,,,,,pdfs/Sandiganbayan/03-SB2020_Executive_Summary.docx,false,false,,Executive Summary,application/docx,15.0000,8661,False,,false,Riziel C. Garcia
,5,Microsoft Office Word,,Normal,25,,,,,,2021-04-13T21:38:00Z,,,2021-04-10T13:47:00Z,3,txt/Government Arsenal/summary.txt,0,6,13264,1925,false,2021-04-16T05:16:00Z,0,COA - Government Arsenal,12875,91,,,,,pdfs/Government Arsenal/03-GovernmentArsenal2020_Executive_Summary.docx,false,false,,Executive Summary,application/docx,15.0000,10975,False,,false,"Ben A. Lazo, Jr."
,210,Microsoft Office Word,,Normal,28,,,,,,2021-03-16T02:22:00Z,,,2021-02-25T05:04:00Z,2,txt/Philippine Center for Postharvest Development and Mechanization/summary.txt,0,6,14825,2164,false,2021-04-29T07:17:00Z,0,COA - Philippine Center for Postharvest Development and Mechanization,14477,102,,,,,pdfs/Philippine Center for Postharvest Development and Mechanization/03-PhilMech2020_Executive_Summary.docx,false,false,,Executive Summary,application/docx,15.0000,12341,False,,false,COA
,103,Microsoft Office Word,,Normal,14,,,,,,2018-04-26T01:09:00Z,,,2021-04-01T08:41:00Z,52,txt/Palawan Council for Sustainable Development Staff/summary.txt,0,4,7484,1095,false,2021-05-06T01:46:00Z,0,COA - Palawan Council for Sustainable Development Staff,7327,52,,,,,pdfs/Palawan Council for Sustainable Development Staff/2-PCSDS2020_Executive Summary.docx,false,false,,Executive Summary,application/docx,15.0000,6246,False,,false,"Ben A. Lazo, Jr."
,202,Microsoft Office Word,,Normal,21,,,,,,2019-04-30T05:51:00Z,,,2020-04-27T04:31:00Z,25,txt/Davao Integrated Development Program - Project Management Office/summary.txt,0,5,11185,1623,false,2021-05-04T06:27:00Z,0,COA - Davao Integrated Development Program Project Management Office,10857,77,,,,,pdfs/Davao Integrated Development Program - Project Management Office/03-DIDPPMO2020_Executive_Summary.docx,false,false,,Executive Summary,application/docx,15.0000,9255,False,,false,"Ben A. Lazo, Jr."
,0,Microsoft Office Word,,Normal.dotm,21,,,,,,2019-04-30T05:51:00Z,,,2021-08-21T11:28:00Z,2,txt/Mindanao Development Authority/summary.txt,0,3,11197,1612,false,2021-08-21T11:28:00Z,0,COA - Mindanao Development Authority,10784,76,,,,,pdfs/Mindanao Development Authority/03-MDA2020_Executive_Summary.docx,false,false,,Executive Summary,application/docx,16.0000,9193,True,,false,user
